order_id,product_category,brand,price,discount_percent,discounted_price,quantity_sold,total_revenue,rating,review_count,customer_region,customer_city,payment_method,order_status,shipping_method,customer_segment,sales_channel,device_type,product_condition,seller_type,return_status,delivery_rating,season,promotion_type,membership,gender,delivery_days
10001,Grocery,Sony,86092.06,0,86092.06,5,430460.3,4.1,5995,South,Mumbai,UPI,Shipped,Same Day,New,Mobile Web,Mobile,New,Marketplace,Returned,Good,Summer,Bank Offer,Non-Prime,Male,1
10002,Beauty,Amazon Basics,52276.96,42,30320.64,5,151603.2,2.6,40950,South,Bengaluru,Net Banking,Delivered,Express,New,Desktop Web,Mobile,New,Amazon,Returned,Good,Spring,Coupon,Prime,Female,9
10003,Books,Lenovo,19507.89,8,17947.26,9,161525.34,3.0,38270,South,Kolkata,Debit Card,Shipped,Standard,Premium,Desktop Web,Desktop,Renewed,Amazon,Not Returned,Average,Monsoon,Festival Sale,Prime,Male,5
10004,Grocery,Amazon Basics,89223.61,22,69594.42,8,556755.36,4.7,12920,South,Pune,UPI,Returned,Standard,New,Desktop Web,Mobile,New,Marketplace,Not Returned,Poor,Spring,No Promotion,Non-Prime,Female,8
10005,Fashion,Puma,3298.95,42,1913.39,4,7653.56,4.8,22144,South,Mumbai,Cash on Delivery,Shipped,Same Day,VIP,Amazon.in,Desktop,Renewed,Amazon,Not Returned,Average,Summer,Bank Offer,Non-Prime,Female,7
10006,Toys,Nike,89559.55,44,50153.35,7,351073.45,4.5,18882,South,Pune,Credit Card,Delivered,Same Day,VIP,Mobile Web,Tablet,Renewed,Marketplace,Not Returned,Excellent,Spring,Festival Sale,Prime,Female,8
10007,Books,Samsung,5240.92,57,2253.6,8,18028.8,4.8,2565,West,Warangal,UPI,Returned,Prime,VIP,Amazon App,Mobile,Renewed,Amazon,Not Returned,Excellent,Spring,Festival Sale,Prime,Female,1
10008,Books,Sony,66650.77,1,65984.26,9,593858.34,3.3,23373,North,Chennai,UPI,Delivered,Prime,VIP,Mobile Web,Mobile,New,Amazon,Returned,Poor,Summer,Coupon,Prime,Other,9
10009,Grocery,boAt,7352.6,13,6396.76,5,31983.8,3.1,43557,East,Bengaluru,Cash on Delivery,Shipped,Same Day,Regular,Mobile Web,Tablet,New,Amazon,Not Returned,Good,Monsoon,No Promotion,Prime,Female,1
10010,Home & Kitchen,Samsung,70679.06,37,44527.81,3,133583.43,3.5,5024,Central,Delhi,Net Banking,Processing,Express,VIP,Amazon.in,Tablet,New,Marketplace,Returned,Good,Monsoon,Lightning Deal,Non-Prime,Male,3
10011,Fashion,Puma,3589.34,39,2189.5,4,8758.0,2.6,24691,East,Bengaluru,Debit Card,Cancelled,Prime,New,Desktop Web,Mobile,New,Amazon,Returned,Good,Spring,Festival Sale,Prime,Other,8
10012,Grocery,Lenovo,84276.28,17,69949.31,10,699493.1,4.5,33799,East,Vijayawada,Cash on Delivery,Delivered,Same Day,Premium,Desktop Web,Tablet,Renewed,Marketplace,Returned,Average,Winter,Bank Offer,Prime,Other,1
10013,Fashion,boAt,46700.21,15,39695.18,6,238171.08,5.0,1241,North,Visakhapatnam,Debit Card,Shipped,Prime,New,Amazon.in,Desktop,Renewed,Marketplace,Not Returned,Average,Spring,Coupon,Prime,Female,1
10014,Fashion,Apple,9525.7,52,4572.34,10,45723.4,4.6,34510,North,Vijayawada,Net Banking,Returned,Same Day,VIP,Amazon.in,Desktop,New,Marketplace,Returned,Poor,Winter,Coupon,Non-Prime,Male,6
10015,Toys,HP,70739.58,28,50932.5,5,254662.5,3.9,38477,North,Vijayawada,UPI,Delivered,Standard,Regular,Amazon.in,Mobile,New,Amazon,Not Returned,Excellent,Spring,Festival Sale,Non-Prime,Male,5
10016,Books,boAt,49030.16,43,27947.19,9,251524.71,3.2,22383,South,Warangal,Debit Card,Delivered,Same Day,VIP,Amazon.in,Desktop,New,Amazon,Returned,Good,Monsoon,Festival Sale,Prime,Other,6
10017,Beauty,Puma,19255.7,10,17330.13,3,51990.39,3.0,47507,West,Mumbai,Credit Card,Cancelled,Standard,Premium,Amazon.in,Desktop,New,Amazon,Not Returned,Excellent,Spring,Festival Sale,Prime,Male,3
10018,Toys,Philips,1763.1,5,1674.94,2,3349.88,3.4,11830,South,Delhi,Credit Card,Shipped,Prime,New,Amazon App,Mobile,New,Marketplace,Returned,Average,Spring,Lightning Deal,Non-Prime,Female,10
10019,Toys,HP,41915.23,2,41076.93,6,246461.58,4.2,28975,West,Delhi,Cash on Delivery,Processing,Same Day,Premium,Mobile Web,Tablet,New,Marketplace,Not Returned,Average,Winter,Festival Sale,Non-Prime,Female,10
10020,Fashion,Amazon Basics,8744.8,13,7607.98,7,53255.86,3.6,46546,West,Vijayawada,Net Banking,Returned,Prime,Premium,Mobile Web,Mobile,New,Amazon,Returned,Average,Monsoon,No Promotion,Prime,Female,6
10021,Sports,Sony,9597.14,59,3934.83,5,19674.15,4.8,26551,East,Pune,Cash on Delivery,Shipped,Standard,Premium,Mobile Web,Desktop,Renewed,Marketplace,Returned,Excellent,Winter,Bank Offer,Non-Prime,Female,2
10022,Books,Amazon Basics,26878.49,1,26609.71,1,26609.71,4.6,40928,East,Warangal,Cash on Delivery,Returned,Same Day,New,Desktop Web,Mobile,Renewed,Amazon,Returned,Poor,Spring,Festival Sale,Prime,Female,8
10023,Home & Kitchen,boAt,63118.74,31,43551.93,3,130655.79,2.8,23267,West,Vijayawada,Amazon Pay,Delivered,Prime,VIP,Amazon App,Mobile,Renewed,Amazon,Returned,Poor,Summer,Lightning Deal,Non-Prime,Other,6
10024,Toys,Amazon Basics,53084.08,30,37158.86,3,111476.58,2.8,12375,West,Chennai,Cash on Delivery,Cancelled,Standard,Premium,Mobile Web,Desktop,Renewed,Amazon,Not Returned,Average,Spring,Bank Offer,Prime,Female,4
10025,Beauty,Puma,7083.93,10,6375.54,4,25502.16,4.2,21513,South,Visakhapatnam,Amazon Pay,Cancelled,Prime,New,Desktop Web,Desktop,New,Amazon,Not Returned,Good,Spring,Coupon,Prime,Female,4
10026,Sports,Apple,96848.44,21,76510.27,10,765102.7,3.1,4403,South,Mumbai,Credit Card,Processing,Express,Regular,Amazon App,Mobile,New,Marketplace,Not Returned,Excellent,Winter,Festival Sale,Non-Prime,Other,7
10027,Sports,Lenovo,88738.44,2,86963.67,6,521782.02,4.5,4897,East,Kolkata,Credit Card,Cancelled,Standard,New,Amazon App,Desktop,New,Amazon,Returned,Average,Summer,Bank Offer,Prime,Other,3
10028,Home & Kitchen,Sony,26069.7,49,13295.55,5,66477.75,4.0,163,North,Chennai,Cash on Delivery,Delivered,Standard,Regular,Desktop Web,Desktop,New,Amazon,Returned,Excellent,Summer,Coupon,Non-Prime,Other,3
10029,Toys,Amazon Basics,12408.39,30,8685.87,1,8685.87,3.1,36078,West,Pune,Credit Card,Processing,Standard,New,Amazon App,Desktop,New,Amazon,Returned,Excellent,Winter,Lightning Deal,Non-Prime,Male,6
10030,Beauty,Amazon Basics,94250.81,32,64090.55,6,384543.3,3.7,17379,South,Bengaluru,Net Banking,Shipped,Same Day,VIP,Desktop Web,Desktop,Renewed,Amazon,Returned,Poor,Monsoon,No Promotion,Non-Prime,Male,9
10031,Books,boAt,46220.95,23,35590.13,9,320311.17,3.5,47759,East,Bengaluru,Amazon Pay,Cancelled,Same Day,Premium,Mobile Web,Desktop,New,Amazon,Returned,Average,Summer,Festival Sale,Prime,Female,1
10032,Electronics,Lenovo,31253.46,0,31253.46,1,31253.46,4.7,30030,South,Chennai,Amazon Pay,Processing,Same Day,VIP,Desktop Web,Desktop,Renewed,Amazon,Returned,Poor,Summer,No Promotion,Prime,Female,5
10033,Beauty,Samsung,49136.73,43,28007.94,8,224063.52,2.6,29870,West,Vijayawada,Cash on Delivery,Delivered,Express,New,Amazon App,Tablet,New,Amazon,Not Returned,Average,Winter,Lightning Deal,Prime,Female,1
10034,Home & Kitchen,Amazon Basics,77318.87,14,66494.23,8,531953.84,4.7,29482,West,Kolkata,Credit Card,Returned,Express,Premium,Mobile Web,Mobile,Renewed,Marketplace,Not Returned,Excellent,Monsoon,Bank Offer,Non-Prime,Male,1
10035,Sports,Puma,17003.85,36,10882.46,3,32647.38,4.1,31058,Central,Hyderabad,Debit Card,Returned,Standard,Regular,Mobile Web,Desktop,New,Marketplace,Not Returned,Poor,Monsoon,Bank Offer,Prime,Female,3
10036,Books,Philips,76795.08,26,56828.36,9,511455.24,4.3,26871,North,Hyderabad,Amazon Pay,Delivered,Express,New,Amazon.in,Mobile,Renewed,Marketplace,Not Returned,Excellent,Spring,Lightning Deal,Prime,Female,3
10037,Beauty,Sony,74993.79,37,47246.09,8,377968.72,2.5,26379,Central,Pune,Cash on Delivery,Delivered,Prime,Premium,Amazon.in,Tablet,New,Marketplace,Not Returned,Average,Spring,Lightning Deal,Prime,Male,4
10038,Electronics,Amazon Basics,54025.95,47,28633.75,3,85901.25,4.1,2251,East,Vijayawada,Cash on Delivery,Returned,Standard,Regular,Amazon App,Desktop,New,Amazon,Not Returned,Good,Winter,Festival Sale,Prime,Other,3
10039,Electronics,Puma,86610.06,26,64091.44,10,640914.4,4.0,43860,South,Delhi,Net Banking,Processing,Standard,Regular,Desktop Web,Mobile,New,Marketplace,Not Returned,Poor,Monsoon,Coupon,Non-Prime,Male,6
10040,Fashion,Puma,13386.91,43,7630.54,5,38152.7,3.8,23674,East,Delhi,UPI,Returned,Prime,VIP,Desktop Web,Desktop,New,Marketplace,Not Returned,Poor,Winter,No Promotion,Prime,Female,4
10041,Fashion,Sony,59627.8,11,53068.74,3,159206.22,4.5,6590,West,Mumbai,UPI,Delivered,Standard,New,Amazon App,Desktop,Renewed,Marketplace,Returned,Excellent,Spring,No Promotion,Non-Prime,Male,8
10042,Grocery,Samsung,45043.44,2,44142.57,5,220712.85,3.9,31432,Central,Kolkata,Amazon Pay,Cancelled,Express,Regular,Mobile Web,Desktop,New,Amazon,Returned,Excellent,Winter,Bank Offer,Non-Prime,Other,1
10043,Home & Kitchen,Puma,42343.75,29,30064.06,9,270576.54,4.6,40426,Central,Kolkata,Net Banking,Shipped,Same Day,Premium,Amazon App,Desktop,Renewed,Marketplace,Returned,Good,Winter,Bank Offer,Non-Prime,Other,8
10044,Toys,Philips,25404.59,31,17529.17,4,70116.68,3.1,49584,Central,Bengaluru,Net Banking,Cancelled,Prime,Regular,Amazon App,Desktop,New,Marketplace,Returned,Poor,Summer,Festival Sale,Non-Prime,Other,1
10045,Beauty,Puma,37352.51,22,29134.96,6,174809.76,4.5,22127,East,Warangal,Net Banking,Cancelled,Express,Regular,Mobile Web,Desktop,Renewed,Amazon,Returned,Average,Summer,Lightning Deal,Prime,Other,1
10046,Beauty,Puma,10992.45,1,10882.53,3,32647.59,2.9,38015,West,Pune,Amazon Pay,Delivered,Prime,VIP,Desktop Web,Desktop,New,Marketplace,Returned,Average,Summer,No Promotion,Prime,Other,7
10047,Toys,Puma,25308.58,6,23790.07,3,71370.21,4.5,7715,South,Hyderabad,UPI,Returned,Prime,VIP,Amazon App,Tablet,New,Amazon,Returned,Poor,Spring,Festival Sale,Prime,Other,1
10048,Grocery,Apple,27341.12,33,18318.55,5,91592.75,4.9,3817,South,Pune,Net Banking,Processing,Standard,Premium,Desktop Web,Tablet,Renewed,Marketplace,Not Returned,Poor,Winter,Bank Offer,Non-Prime,Female,9
10049,Sports,Apple,72121.65,31,49763.94,8,398111.52,3.3,29493,East,Delhi,Credit Card,Cancelled,Standard,VIP,Amazon App,Desktop,New,Amazon,Not Returned,Poor,Summer,Bank Offer,Prime,Female,8
10050,Sports,Samsung,5044.33,52,2421.28,8,19370.24,3.8,17454,Central,Delhi,Cash on Delivery,Returned,Express,Regular,Mobile Web,Desktop,New,Marketplace,Returned,Good,Summer,No Promotion,Non-Prime,Male,1
10051,Grocery,Amazon Basics,65187.99,38,40416.55,3,121249.65,4.1,4600,North,Chennai,Cash on Delivery,Processing,Prime,Regular,Mobile Web,Tablet,Renewed,Marketplace,Not Returned,Average,Summer,Bank Offer,Prime,Female,2
10052,Sports,Puma,22295.71,31,15384.04,8,123072.32,2.7,24690,East,Mumbai,Debit Card,Cancelled,Standard,VIP,Amazon.in,Tablet,New,Marketplace,Not Returned,Average,Spring,Bank Offer,Prime,Other,2
10053,Fashion,Lenovo,8368.78,42,4853.89,8,38831.12,3.7,42750,East,Kolkata,Debit Card,Processing,Standard,Regular,Mobile Web,Tablet,Renewed,Amazon,Not Returned,Excellent,Spring,Coupon,Prime,Female,2
10054,Beauty,Amazon Basics,30219.45,42,17527.28,3,52581.84,3.4,33762,West,Visakhapatnam,Amazon Pay,Returned,Prime,Regular,Amazon.in,Desktop,New,Marketplace,Not Returned,Excellent,Winter,Lightning Deal,Non-Prime,Male,6
10055,Grocery,Samsung,22601.39,13,19663.21,10,196632.1,4.7,37499,South,Pune,Amazon Pay,Shipped,Express,Premium,Amazon App,Mobile,Renewed,Amazon,Not Returned,Poor,Winter,Bank Offer,Prime,Other,4
10056,Beauty,Nike,55291.83,2,54185.99,10,541859.9,4.7,22452,East,Delhi,Cash on Delivery,Returned,Express,VIP,Desktop Web,Mobile,Renewed,Amazon,Returned,Excellent,Winter,Coupon,Non-Prime,Female,8
10057,Toys,Amazon Basics,35865.17,45,19725.84,2,39451.68,4.3,7670,East,Warangal,Credit Card,Delivered,Prime,Regular,Mobile Web,Mobile,Renewed,Amazon,Not Returned,Good,Summer,Festival Sale,Non-Prime,Female,1
10058,Electronics,Amazon Basics,96605.18,31,66657.57,10,666575.7,4.1,21151,Central,Bengaluru,UPI,Processing,Express,VIP,Mobile Web,Mobile,Renewed,Amazon,Returned,Average,Monsoon,Bank Offer,Non-Prime,Male,10
10059,Fashion,HP,96361.25,42,55889.53,2,111779.06,4.3,17341,Central,Hyderabad,UPI,Shipped,Standard,Premium,Mobile Web,Desktop,New,Marketplace,Returned,Average,Spring,Festival Sale,Prime,Other,4
10060,Books,boAt,44481.78,35,28913.16,9,260218.44,3.4,29604,North,Mumbai,Amazon Pay,Processing,Prime,VIP,Amazon App,Mobile,New,Marketplace,Returned,Excellent,Summer,Bank Offer,Prime,Male,10
10061,Fashion,HP,79548.73,16,66820.93,7,467746.51,3.5,8287,West,Warangal,Credit Card,Processing,Standard,Regular,Amazon.in,Tablet,Renewed,Marketplace,Not Returned,Poor,Summer,No Promotion,Non-Prime,Other,5
10062,Grocery,Philips,1523.2,47,807.3,6,4843.8,3.9,18538,North,Mumbai,Amazon Pay,Cancelled,Same Day,VIP,Amazon App,Tablet,New,Amazon,Returned,Excellent,Winter,Coupon,Non-Prime,Other,9
10063,Books,Apple,54870.6,2,53773.19,7,376412.33,4.8,17015,Central,Chennai,UPI,Delivered,Same Day,Regular,Desktop Web,Mobile,New,Marketplace,Returned,Poor,Winter,Coupon,Non-Prime,Female,5
10064,Electronics,Apple,74380.26,56,32727.31,8,261818.48,4.3,44644,South,Visakhapatnam,Amazon Pay,Processing,Express,Regular,Amazon App,Tablet,New,Amazon,Returned,Good,Summer,No Promotion,Non-Prime,Male,3
10065,Grocery,boAt,21849.93,9,19883.44,1,19883.44,3.9,49849,Central,Delhi,Net Banking,Returned,Same Day,Regular,Desktop Web,Desktop,Renewed,Amazon,Returned,Average,Spring,Lightning Deal,Non-Prime,Male,4
10066,Home & Kitchen,Sony,6303.94,52,3025.89,8,24207.12,4.4,49183,West,Bengaluru,Amazon Pay,Returned,Standard,Premium,Mobile Web,Mobile,New,Amazon,Not Returned,Good,Spring,Coupon,Prime,Male,10
10067,Beauty,Sony,15759.71,46,8510.24,3,25530.72,3.4,15852,Central,Warangal,Cash on Delivery,Cancelled,Same Day,VIP,Desktop Web,Mobile,New,Marketplace,Returned,Average,Summer,Festival Sale,Prime,Other,7
10068,Electronics,Samsung,44295.44,39,27020.22,3,81060.66,4.3,46258,West,Mumbai,Amazon Pay,Delivered,Standard,Premium,Desktop Web,Desktop,Renewed,Marketplace,Returned,Good,Monsoon,Coupon,Prime,Male,1
10069,Beauty,boAt,50734.87,17,42109.94,6,252659.64,3.5,21258,West,Kolkata,Cash on Delivery,Delivered,Express,VIP,Amazon.in,Tablet,New,Amazon,Returned,Excellent,Monsoon,Lightning Deal,Non-Prime,Other,6
10070,Sports,Amazon Basics,38211.34,2,37447.11,4,149788.44,3.2,38330,West,Chennai,Credit Card,Returned,Express,Premium,Desktop Web,Desktop,Renewed,Marketplace,Returned,Good,Spring,Festival Sale,Non-Prime,Male,8
10071,Home & Kitchen,Sony,44108.38,38,27347.2,4,109388.8,4.0,41508,West,Kolkata,UPI,Shipped,Standard,New,Desktop Web,Desktop,Renewed,Marketplace,Not Returned,Good,Winter,Festival Sale,Prime,Male,1
10072,Home & Kitchen,Puma,47128.45,9,42886.89,4,171547.56,4.2,2248,West,Bengaluru,Debit Card,Cancelled,Same Day,Regular,Amazon App,Tablet,Renewed,Amazon,Returned,Excellent,Monsoon,No Promotion,Prime,Female,8
10073,Electronics,Lenovo,76988.78,51,37724.5,10,377245.0,3.6,6192,South,Warangal,Debit Card,Cancelled,Express,Regular,Mobile Web,Desktop,New,Amazon,Returned,Average,Monsoon,Bank Offer,Non-Prime,Male,7
10074,Home & Kitchen,Amazon Basics,10702.14,8,9845.97,9,88613.73,3.9,27410,North,Chennai,UPI,Returned,Prime,Premium,Amazon App,Tablet,New,Marketplace,Returned,Average,Winter,No Promotion,Non-Prime,Female,1
10075,Books,Philips,76940.26,45,42317.14,8,338537.12,4.2,9895,East,Warangal,Debit Card,Returned,Express,New,Amazon App,Tablet,Renewed,Amazon,Returned,Excellent,Monsoon,Bank Offer,Non-Prime,Female,9
10076,Home & Kitchen,Puma,68924.0,54,31705.04,3,95115.12,4.4,6406,North,Delhi,Amazon Pay,Shipped,Same Day,Regular,Mobile Web,Desktop,Renewed,Amazon,Returned,Good,Summer,No Promotion,Prime,Other,3
10077,Beauty,Puma,74216.75,45,40819.21,1,40819.21,4.7,33924,West,Vijayawada,Credit Card,Shipped,Prime,VIP,Mobile Web,Tablet,Renewed,Marketplace,Returned,Good,Monsoon,Bank Offer,Non-Prime,Male,2
10078,Beauty,boAt,73498.94,10,66149.05,1,66149.05,3.4,47086,South,Chennai,Credit Card,Delivered,Same Day,Premium,Desktop Web,Desktop,Renewed,Marketplace,Not Returned,Good,Winter,Coupon,Non-Prime,Male,7
10079,Grocery,Samsung,47164.06,59,19337.26,1,19337.26,4.9,41303,Central,Kolkata,UPI,Cancelled,Standard,Regular,Desktop Web,Tablet,Renewed,Amazon,Returned,Poor,Summer,Festival Sale,Non-Prime,Male,3
10080,Beauty,Philips,21296.74,32,14481.78,4,57927.12,4.1,5295,South,Bengaluru,Debit Card,Cancelled,Prime,Regular,Amazon.in,Mobile,Renewed,Marketplace,Not Returned,Average,Monsoon,Bank Offer,Prime,Female,1
10081,Grocery,Sony,53754.56,35,34940.46,6,209642.76,4.5,12264,West,Visakhapatnam,Amazon Pay,Returned,Same Day,Premium,Amazon App,Tablet,New,Amazon,Not Returned,Good,Spring,Coupon,Non-Prime,Male,10
10082,Beauty,boAt,95805.61,25,71854.21,4,287416.84,4.2,28038,South,Delhi,Credit Card,Delivered,Prime,Premium,Mobile Web,Tablet,Renewed,Amazon,Returned,Average,Summer,Lightning Deal,Prime,Other,3
10083,Books,Sony,58933.86,26,43611.06,3,130833.18,3.0,38922,South,Vijayawada,Credit Card,Cancelled,Same Day,VIP,Desktop Web,Desktop,Renewed,Marketplace,Not Returned,Good,Summer,No Promotion,Non-Prime,Other,6
10084,Toys,boAt,1301.51,37,819.95,8,6559.6,2.7,9136,West,Visakhapatnam,Net Banking,Delivered,Prime,VIP,Mobile Web,Tablet,Renewed,Amazon,Returned,Excellent,Spring,Lightning Deal,Non-Prime,Male,3
10085,Grocery,boAt,6158.15,21,4864.94,8,38919.52,4.3,13213,South,Hyderabad,Net Banking,Delivered,Same Day,Regular,Desktop Web,Mobile,New,Amazon,Not Returned,Excellent,Spring,Coupon,Prime,Female,5
10086,Fashion,boAt,99286.77,25,74465.08,6,446790.48,3.8,12072,East,Delhi,Credit Card,Returned,Standard,Regular,Amazon.in,Mobile,New,Amazon,Returned,Average,Monsoon,Lightning Deal,Non-Prime,Other,9
10087,Sports,Samsung,7379.25,21,5829.61,9,52466.49,4.3,43010,East,Bengaluru,UPI,Delivered,Prime,Premium,Amazon.in,Tablet,New,Marketplace,Not Returned,Average,Monsoon,Lightning Deal,Prime,Other,7
10088,Electronics,boAt,4794.31,4,4602.54,10,46025.4,3.7,36053,South,Mumbai,Cash on Delivery,Shipped,Prime,Regular,Mobile Web,Tablet,New,Marketplace,Not Returned,Excellent,Winter,Coupon,Non-Prime,Female,2
10089,Beauty,Nike,35430.82,34,23384.34,1,23384.34,3.3,27431,Central,Chennai,Cash on Delivery,Shipped,Prime,Regular,Amazon.in,Mobile,Renewed,Marketplace,Returned,Poor,Winter,Festival Sale,Prime,Other,1
10090,Home & Kitchen,Lenovo,96936.86,1,95967.49,8,767739.92,3.2,42290,West,Warangal,Amazon Pay,Processing,Prime,Premium,Mobile Web,Desktop,New,Amazon,Not Returned,Excellent,Summer,Bank Offer,Non-Prime,Female,7
10091,Toys,Sony,32002.78,34,21121.83,6,126730.98,4.3,2003,East,Bengaluru,Credit Card,Returned,Standard,Regular,Desktop Web,Mobile,Renewed,Amazon,Not Returned,Good,Spring,No Promotion,Prime,Other,4
10092,Beauty,Amazon Basics,41105.44,8,37817.0,1,37817.0,3.2,19999,Central,Chennai,Credit Card,Processing,Prime,Regular,Amazon App,Mobile,Renewed,Marketplace,Not Returned,Poor,Spring,Bank Offer,Prime,Female,7
10093,Home & Kitchen,HP,63479.89,50,31739.94,4,126959.76,4.3,31279,South,Visakhapatnam,Credit Card,Shipped,Express,New,Amazon.in,Tablet,Renewed,Marketplace,Not Returned,Excellent,Winter,No Promotion,Non-Prime,Other,6
10094,Sports,Philips,2605.36,50,1302.68,5,6513.4,3.5,42747,Central,Warangal,UPI,Processing,Standard,VIP,Desktop Web,Tablet,Renewed,Marketplace,Not Returned,Poor,Summer,Bank Offer,Prime,Male,7
10095,Sports,Apple,89795.81,48,46693.82,7,326856.74,4.4,10438,North,Pune,Net Banking,Returned,Express,Premium,Amazon App,Mobile,Renewed,Amazon,Returned,Poor,Summer,Lightning Deal,Non-Prime,Other,4
10096,Sports,Samsung,52039.41,17,43192.71,8,345541.68,2.9,14227,East,Kolkata,Credit Card,Returned,Prime,New,Amazon App,Desktop,Renewed,Marketplace,Not Returned,Poor,Winter,Festival Sale,Prime,Other,3
10097,Home & Kitchen,Amazon Basics,46786.73,42,27136.3,9,244226.7,3.0,3672,South,Hyderabad,Credit Card,Delivered,Same Day,VIP,Amazon App,Mobile,New,Amazon,Not Returned,Average,Winter,Lightning Deal,Non-Prime,Male,5
10098,Beauty,Puma,86099.52,11,76628.57,6,459771.42,4.2,7458,West,Delhi,Debit Card,Cancelled,Express,VIP,Desktop Web,Mobile,New,Marketplace,Returned,Excellent,Winter,Festival Sale,Non-Prime,Male,3
10099,Sports,Nike,95316.04,2,93409.72,10,934097.2,3.9,18539,South,Bengaluru,UPI,Delivered,Prime,VIP,Desktop Web,Desktop,New,Amazon,Returned,Average,Monsoon,Coupon,Non-Prime,Male,3
10100,Books,Apple,42456.84,17,35239.18,9,317152.62,3.0,3479,West,Hyderabad,Amazon Pay,Returned,Express,New,Mobile Web,Mobile,New,Amazon,Returned,Average,Summer,No Promotion,Non-Prime,Male,4
10101,Grocery,HP,17408.62,55,7833.88,4,31335.52,4.8,14887,South,Mumbai,Credit Card,Shipped,Prime,New,Amazon App,Mobile,New,Marketplace,Not Returned,Good,Summer,No Promotion,Prime,Female,8
10102,Home & Kitchen,Amazon Basics,81606.79,37,51412.28,8,411298.24,3.2,51,Central,Chennai,Debit Card,Shipped,Prime,VIP,Amazon App,Tablet,Renewed,Amazon,Not Returned,Good,Summer,Coupon,Non-Prime,Female,2
10103,Home & Kitchen,Apple,40444.39,6,38017.73,3,114053.19,3.6,2159,Central,Chennai,Cash on Delivery,Delivered,Prime,Regular,Amazon App,Desktop,New,Marketplace,Not Returned,Poor,Winter,Bank Offer,Non-Prime,Other,4
10104,Beauty,Amazon Basics,93566.44,32,63625.18,4,254500.72,3.0,4390,Central,Bengaluru,Amazon Pay,Returned,Same Day,Regular,Mobile Web,Tablet,New,Amazon,Not Returned,Poor,Winter,Coupon,Non-Prime,Other,3
10105,Home & Kitchen,Nike,94998.92,5,90248.97,10,902489.7,3.5,20035,North,Vijayawada,Credit Card,Shipped,Express,New,Amazon App,Tablet,New,Amazon,Returned,Good,Winter,Coupon,Non-Prime,Other,7
10106,Home & Kitchen,HP,11658.94,17,9676.92,4,38707.68,3.7,28491,West,Vijayawada,Credit Card,Returned,Standard,New,Desktop Web,Desktop,Renewed,Marketplace,Returned,Good,Winter,Festival Sale,Non-Prime,Female,2
10107,Sports,Puma,95663.09,44,53571.33,6,321427.98,3.2,16080,Central,Pune,Debit Card,Shipped,Standard,New,Amazon App,Desktop,Renewed,Amazon,Not Returned,Excellent,Spring,Coupon,Prime,Other,1
10108,Beauty,boAt,36952.38,21,29192.38,9,262731.42,4.4,34880,North,Kolkata,UPI,Returned,Standard,VIP,Amazon.in,Mobile,Renewed,Marketplace,Not Returned,Poor,Winter,No Promotion,Non-Prime,Other,10
10109,Sports,Sony,64695.0,50,32347.5,6,194085.0,3.5,45520,West,Warangal,Credit Card,Processing,Standard,Regular,Desktop Web,Tablet,New,Marketplace,Not Returned,Poor,Monsoon,Lightning Deal,Prime,Female,1
10110,Grocery,Puma,3667.06,38,2273.58,1,2273.58,4.3,47361,South,Mumbai,Cash on Delivery,Returned,Prime,New,Mobile Web,Desktop,New,Marketplace,Not Returned,Good,Spring,Festival Sale,Prime,Other,6
10111,Toys,boAt,88909.65,50,44454.82,5,222274.1,3.0,22149,North,Hyderabad,Credit Card,Returned,Express,New,Amazon App,Tablet,New,Amazon,Returned,Excellent,Spring,Festival Sale,Non-Prime,Female,3
10112,Grocery,Samsung,64230.41,8,59091.98,9,531827.82,3.4,15339,East,Vijayawada,Cash on Delivery,Delivered,Express,Premium,Amazon.in,Tablet,New,Amazon,Returned,Good,Winter,Bank Offer,Non-Prime,Female,7
10113,Toys,Lenovo,64425.74,34,42520.99,5,212604.95,2.5,29305,North,Pune,Amazon Pay,Processing,Same Day,VIP,Mobile Web,Desktop,New,Amazon,Not Returned,Good,Summer,Lightning Deal,Prime,Male,8
10114,Sports,Philips,90236.18,22,70384.22,6,422305.32,4.4,1354,North,Pune,Amazon Pay,Cancelled,Express,Premium,Mobile Web,Mobile,Renewed,Marketplace,Returned,Average,Winter,Festival Sale,Prime,Male,5
10115,Grocery,Philips,50932.05,11,45329.52,3,135988.56,4.1,5620,West,Bengaluru,Net Banking,Delivered,Express,Regular,Desktop Web,Tablet,New,Marketplace,Not Returned,Poor,Summer,Coupon,Prime,Female,5
10116,Beauty,Sony,41168.56,51,20172.59,8,161380.72,4.5,3754,South,Mumbai,Net Banking,Cancelled,Express,Premium,Mobile Web,Desktop,Renewed,Amazon,Not Returned,Excellent,Winter,Festival Sale,Non-Prime,Female,2
10117,Electronics,HP,86638.65,23,66711.76,10,667117.6,3.6,16593,East,Visakhapatnam,Cash on Delivery,Shipped,Same Day,Premium,Mobile Web,Mobile,New,Amazon,Returned,Average,Winter,Festival Sale,Prime,Male,8
10118,Sports,Nike,74292.57,49,37889.21,4,151556.84,4.5,16167,Central,Warangal,UPI,Cancelled,Standard,Premium,Mobile Web,Tablet,Renewed,Marketplace,Not Returned,Poor,Summer,Festival Sale,Prime,Other,10
10119,Toys,HP,94906.77,39,57893.13,4,231572.52,4.1,22555,Central,Kolkata,Credit Card,Returned,Express,VIP,Mobile Web,Desktop,Renewed,Amazon,Returned,Good,Summer,Bank Offer,Non-Prime,Other,1
10120,Books,Nike,94023.16,8,86501.31,5,432506.55,2.5,33005,North,Delhi,Credit Card,Cancelled,Same Day,Regular,Amazon App,Tablet,Renewed,Marketplace,Not Returned,Excellent,Summer,Festival Sale,Prime,Other,10
10121,Toys,HP,38355.15,12,33752.53,10,337525.3,3.1,41295,West,Bengaluru,Net Banking,Delivered,Same Day,Premium,Amazon App,Desktop,Renewed,Amazon,Returned,Poor,Summer,Festival Sale,Non-Prime,Female,9
10122,Books,Lenovo,44808.23,39,27333.02,9,245997.18,3.7,40843,West,Warangal,Cash on Delivery,Delivered,Prime,VIP,Amazon App,Desktop,New,Marketplace,Not Returned,Good,Monsoon,Bank Offer,Prime,Male,1
10123,Home & Kitchen,Samsung,25746.3,53,12100.76,8,96806.08,4.0,8691,Central,Delhi,Credit Card,Cancelled,Same Day,Regular,Amazon App,Tablet,New,Amazon,Returned,Average,Summer,Lightning Deal,Non-Prime,Other,1
10124,Grocery,Samsung,66131.66,41,39017.68,7,273123.76,2.7,9756,East,Delhi,Credit Card,Delivered,Standard,New,Amazon.in,Tablet,New,Amazon,Not Returned,Excellent,Winter,No Promotion,Prime,Male,1
10125,Books,boAt,36580.29,16,30727.44,5,153637.2,4.3,36308,South,Mumbai,UPI,Delivered,Express,Premium,Amazon App,Desktop,Renewed,Marketplace,Not Returned,Poor,Winter,Bank Offer,Non-Prime,Male,7
10126,Toys,Apple,78651.84,6,73932.73,9,665394.57,3.9,9327,East,Mumbai,Debit Card,Cancelled,Same Day,Regular,Mobile Web,Mobile,New,Marketplace,Returned,Average,Monsoon,Bank Offer,Non-Prime,Female,4
10127,Home & Kitchen,Samsung,12329.77,16,10357.01,9,93213.09,3.8,28520,South,Hyderabad,Net Banking,Processing,Standard,Premium,Amazon App,Tablet,New,Marketplace,Not Returned,Good,Summer,Festival Sale,Prime,Other,7
10128,Electronics,Samsung,11816.0,54,5435.36,10,54353.6,3.2,43308,Central,Pune,Net Banking,Processing,Same Day,New,Amazon App,Desktop,New,Amazon,Returned,Good,Winter,Festival Sale,Non-Prime,Male,5
10129,Beauty,Puma,20603.65,49,10507.86,10,105078.6,4.0,40025,South,Warangal,Debit Card,Shipped,Same Day,Regular,Desktop Web,Desktop,New,Marketplace,Returned,Poor,Monsoon,No Promotion,Prime,Female,7
10130,Beauty,Puma,8611.36,23,6630.75,2,13261.5,2.6,28900,West,Bengaluru,Credit Card,Delivered,Same Day,VIP,Mobile Web,Mobile,Renewed,Marketplace,Not Returned,Good,Winter,Festival Sale,Non-Prime,Female,10
10131,Beauty,boAt,62078.15,1,61457.37,4,245829.48,2.7,16533,North,Chennai,UPI,Cancelled,Same Day,Regular,Amazon App,Mobile,Renewed,Amazon,Not Returned,Excellent,Monsoon,Coupon,Non-Prime,Female,7
10132,Books,Apple,14904.81,34,9837.17,8,78697.36,4.3,31881,North,Bengaluru,UPI,Delivered,Same Day,VIP,Amazon App,Mobile,New,Marketplace,Not Returned,Poor,Monsoon,Festival Sale,Non-Prime,Other,4
10133,Electronics,Sony,16163.3,60,6465.32,1,6465.32,3.3,27782,Central,Hyderabad,Net Banking,Returned,Standard,Regular,Amazon App,Tablet,New,Marketplace,Not Returned,Average,Spring,Festival Sale,Non-Prime,Other,2
10134,Books,Puma,1618.98,27,1181.86,5,5909.3,3.4,44488,West,Kolkata,UPI,Delivered,Express,VIP,Amazon.in,Desktop,New,Marketplace,Returned,Poor,Spring,Coupon,Non-Prime,Female,8
10135,Grocery,Sony,78251.58,18,64166.3,8,513330.4,3.0,1624,East,Pune,Amazon Pay,Delivered,Express,New,Amazon App,Desktop,Renewed,Amazon,Not Returned,Poor,Summer,No Promotion,Non-Prime,Other,2
10136,Books,Amazon Basics,81266.15,32,55260.98,2,110521.96,3.6,40429,West,Chennai,Debit Card,Processing,Express,New,Desktop Web,Desktop,Renewed,Amazon,Not Returned,Average,Spring,Coupon,Non-Prime,Other,9
10137,Electronics,Puma,16368.84,20,13095.07,2,26190.14,2.6,20812,North,Vijayawada,Credit Card,Cancelled,Express,New,Mobile Web,Mobile,Renewed,Amazon,Not Returned,Good,Monsoon,Bank Offer,Prime,Male,5
10138,Electronics,Lenovo,74003.54,52,35521.7,8,284173.6,3.3,7529,North,Kolkata,Amazon Pay,Delivered,Standard,Regular,Mobile Web,Desktop,New,Marketplace,Returned,Average,Winter,Coupon,Prime,Female,9
10139,Grocery,Apple,43466.8,9,39554.79,10,395547.9,3.8,20653,West,Mumbai,Debit Card,Processing,Prime,New,Amazon App,Tablet,Renewed,Amazon,Not Returned,Excellent,Winter,Lightning Deal,Non-Prime,Female,9
10140,Electronics,boAt,24110.57,52,11573.07,9,104157.63,3.7,27860,West,Delhi,Cash on Delivery,Shipped,Prime,Premium,Amazon App,Mobile,Renewed,Marketplace,Returned,Good,Summer,Bank Offer,Non-Prime,Other,8
10141,Toys,Amazon Basics,62213.18,45,34217.25,7,239520.75,5.0,13654,North,Vijayawada,Net Banking,Processing,Standard,New,Amazon App,Mobile,Renewed,Marketplace,Not Returned,Poor,Spring,Festival Sale,Non-Prime,Female,8
10142,Electronics,Apple,18011.71,44,10086.56,8,80692.48,3.5,2108,East,Bengaluru,UPI,Processing,Standard,VIP,Mobile Web,Mobile,Renewed,Marketplace,Returned,Good,Summer,Bank Offer,Prime,Female,4
10143,Beauty,Lenovo,75735.98,8,69677.1,5,348385.5,3.5,3947,Central,Bengaluru,Cash on Delivery,Processing,Same Day,VIP,Mobile Web,Mobile,Renewed,Amazon,Not Returned,Good,Monsoon,No Promotion,Non-Prime,Female,4
10144,Toys,Apple,4951.0,37,3119.13,1,3119.13,3.8,7899,Central,Mumbai,UPI,Delivered,Same Day,VIP,Amazon.in,Tablet,New,Amazon,Not Returned,Excellent,Spring,No Promotion,Prime,Other,2
10145,Toys,Lenovo,95920.27,5,91124.26,4,364497.04,3.0,13372,West,Hyderabad,Amazon Pay,Delivered,Same Day,Regular,Desktop Web,Desktop,New,Marketplace,Returned,Good,Summer,Coupon,Non-Prime,Other,4
10146,Grocery,Lenovo,7372.15,50,3686.08,2,7372.16,4.7,37682,Central,Warangal,Credit Card,Shipped,Express,Premium,Amazon.in,Tablet,New,Marketplace,Not Returned,Good,Winter,Bank Offer,Non-Prime,Other,4
10147,Fashion,Sony,58027.95,52,27853.42,3,83560.26,3.9,30373,North,Vijayawada,Credit Card,Returned,Same Day,New,Desktop Web,Desktop,New,Amazon,Not Returned,Good,Winter,Festival Sale,Non-Prime,Male,6
10148,Fashion,HP,90237.99,41,53240.41,3,159721.23,3.0,39435,North,Vijayawada,Credit Card,Returned,Prime,Premium,Amazon.in,Tablet,Renewed,Amazon,Not Returned,Poor,Summer,No Promotion,Non-Prime,Female,3
10149,Electronics,Amazon Basics,1387.07,54,638.05,9,5742.45,4.5,2263,West,Visakhapatnam,UPI,Returned,Express,Premium,Mobile Web,Mobile,New,Amazon,Returned,Good,Summer,Festival Sale,Non-Prime,Male,2
10150,Toys,Apple,49950.74,34,32967.49,10,329674.9,2.6,26188,West,Kolkata,Cash on Delivery,Shipped,Same Day,VIP,Amazon.in,Mobile,New,Marketplace,Not Returned,Average,Summer,Lightning Deal,Prime,Other,8
10151,Fashion,Nike,35129.7,17,29157.65,4,116630.6,5.0,36583,West,Pune,Credit Card,Returned,Express,VIP,Desktop Web,Tablet,New,Amazon,Returned,Good,Monsoon,No Promotion,Non-Prime,Male,2
10152,Fashion,Amazon Basics,58116.15,52,27895.75,2,55791.5,4.7,29295,East,Kolkata,Cash on Delivery,Returned,Prime,VIP,Amazon App,Tablet,Renewed,Amazon,Returned,Excellent,Monsoon,Coupon,Prime,Female,8
10153,Electronics,HP,22699.65,18,18613.71,3,55841.13,3.9,577,Central,Warangal,UPI,Processing,Same Day,Regular,Desktop Web,Desktop,New,Amazon,Returned,Good,Winter,Lightning Deal,Prime,Female,7
10154,Fashion,Amazon Basics,6675.94,4,6408.9,3,19226.7,2.8,15029,West,Bengaluru,Amazon Pay,Delivered,Prime,Premium,Amazon App,Tablet,Renewed,Marketplace,Not Returned,Good,Monsoon,Bank Offer,Non-Prime,Other,3
10155,Books,Samsung,62667.12,24,47627.01,7,333389.07,3.0,49574,South,Bengaluru,Cash on Delivery,Delivered,Prime,Premium,Mobile Web,Tablet,Renewed,Amazon,Returned,Poor,Monsoon,Festival Sale,Non-Prime,Other,6
10156,Home & Kitchen,Nike,41800.55,10,37620.5,8,300964.0,3.2,35531,South,Bengaluru,Amazon Pay,Processing,Prime,Regular,Desktop Web,Desktop,Renewed,Marketplace,Returned,Average,Spring,No Promotion,Non-Prime,Male,6
10157,Grocery,HP,62323.06,9,56713.98,6,340283.88,3.1,30066,North,Visakhapatnam,UPI,Processing,Same Day,Regular,Amazon.in,Desktop,New,Marketplace,Not Returned,Good,Monsoon,Lightning Deal,Prime,Other,10
10158,Home & Kitchen,Sony,21210.81,16,17817.08,4,71268.32,3.7,17613,Central,Bengaluru,UPI,Processing,Standard,Regular,Desktop Web,Desktop,Renewed,Marketplace,Returned,Average,Spring,Lightning Deal,Prime,Male,5
10159,Electronics,Apple,34005.38,35,22103.5,6,132621.0,4.9,48413,West,Warangal,Net Banking,Delivered,Same Day,Premium,Amazon App,Tablet,New,Amazon,Returned,Excellent,Monsoon,No Promotion,Prime,Female,8
10160,Beauty,Philips,56254.8,25,42191.1,1,42191.1,3.6,19560,South,Mumbai,UPI,Returned,Prime,Premium,Mobile Web,Desktop,New,Amazon,Not Returned,Poor,Winter,Bank Offer,Non-Prime,Female,5
10161,Grocery,HP,59391.66,30,41574.16,10,415741.6,4.2,8945,Central,Pune,UPI,Processing,Same Day,VIP,Amazon.in,Mobile,New,Amazon,Not Returned,Average,Summer,Bank Offer,Prime,Female,7
10162,Electronics,boAt,37356.02,31,25775.65,8,206205.2,4.2,29418,North,Warangal,Debit Card,Shipped,Prime,VIP,Desktop Web,Mobile,Renewed,Marketplace,Returned,Poor,Winter,Coupon,Prime,Female,6
10163,Toys,Apple,28148.31,20,22518.65,1,22518.65,4.7,17071,East,Pune,Credit Card,Processing,Standard,Premium,Amazon App,Mobile,Renewed,Amazon,Not Returned,Good,Monsoon,Bank Offer,Prime,Female,7
10164,Beauty,HP,27514.32,17,22836.89,5,114184.45,2.6,49874,Central,Warangal,Net Banking,Cancelled,Express,VIP,Amazon.in,Tablet,New,Marketplace,Not Returned,Excellent,Summer,Coupon,Non-Prime,Male,9
10165,Home & Kitchen,Samsung,17634.0,59,7229.94,2,14459.88,3.5,46622,Central,Bengaluru,Net Banking,Processing,Standard,Regular,Mobile Web,Mobile,Renewed,Amazon,Not Returned,Poor,Summer,Lightning Deal,Prime,Female,3
10166,Electronics,Philips,32674.42,17,27119.77,6,162718.62,4.5,17130,East,Mumbai,Net Banking,Delivered,Standard,New,Amazon.in,Tablet,Renewed,Amazon,Returned,Good,Summer,No Promotion,Prime,Male,10
10167,Toys,Samsung,20103.15,0,20103.15,9,180928.35,4.5,20721,Central,Vijayawada,Debit Card,Processing,Express,VIP,Mobile Web,Tablet,Renewed,Amazon,Returned,Average,Spring,Bank Offer,Non-Prime,Female,7
10168,Grocery,Philips,63453.78,13,55204.79,5,276023.95,4.8,2712,North,Kolkata,Amazon Pay,Cancelled,Same Day,Premium,Amazon.in,Mobile,New,Amazon,Not Returned,Excellent,Winter,Coupon,Non-Prime,Male,10
10169,Grocery,boAt,56991.89,7,53002.46,4,212009.84,4.3,17091,North,Delhi,UPI,Shipped,Express,VIP,Desktop Web,Desktop,Renewed,Marketplace,Returned,Excellent,Spring,Lightning Deal,Non-Prime,Male,3
10170,Sports,Apple,38381.36,1,37997.55,2,75995.1,3.1,15857,East,Mumbai,Credit Card,Returned,Same Day,VIP,Amazon App,Tablet,Renewed,Marketplace,Not Returned,Average,Summer,Bank Offer,Prime,Male,2
10171,Toys,Sony,32716.84,50,16358.42,3,49075.26,3.8,41394,West,Vijayawada,Cash on Delivery,Processing,Same Day,VIP,Desktop Web,Mobile,New,Marketplace,Not Returned,Average,Winter,Festival Sale,Prime,Other,7
10172,Books,Samsung,23912.9,14,20565.09,6,123390.54,2.6,45836,South,Hyderabad,Amazon Pay,Cancelled,Prime,New,Desktop Web,Tablet,Renewed,Marketplace,Not Returned,Excellent,Winter,Lightning Deal,Prime,Male,4
10173,Fashion,Samsung,53637.74,59,21991.47,8,175931.76,4.1,49635,West,Warangal,UPI,Cancelled,Prime,Regular,Mobile Web,Desktop,New,Amazon,Not Returned,Poor,Monsoon,Bank Offer,Non-Prime,Male,1
10174,Beauty,Lenovo,91905.5,33,61576.68,8,492613.44,3.9,47487,Central,Hyderabad,Debit Card,Shipped,Express,Premium,Mobile Web,Desktop,Renewed,Marketplace,Not Returned,Excellent,Spring,Lightning Deal,Prime,Female,6
10175,Toys,Philips,68632.16,35,44610.9,5,223054.5,4.2,34301,South,Vijayawada,UPI,Delivered,Standard,New,Mobile Web,Mobile,Renewed,Marketplace,Returned,Average,Spring,No Promotion,Non-Prime,Male,6
10176,Sports,Puma,74491.59,0,74491.59,5,372457.95,4.8,16553,East,Mumbai,UPI,Processing,Express,Premium,Desktop Web,Tablet,Renewed,Marketplace,Returned,Poor,Monsoon,No Promotion,Non-Prime,Male,6
10177,Fashion,Apple,83469.91,50,41734.96,10,417349.6,4.2,17404,East,Warangal,Debit Card,Cancelled,Same Day,Premium,Amazon.in,Tablet,Renewed,Amazon,Returned,Good,Spring,No Promotion,Prime,Other,2
10178,Fashion,Philips,35292.17,20,28233.74,3,84701.22,3.3,7093,South,Delhi,Net Banking,Shipped,Prime,Premium,Amazon.in,Tablet,Renewed,Marketplace,Returned,Excellent,Summer,Festival Sale,Prime,Female,1
10179,Electronics,Lenovo,6474.0,41,3819.66,7,26737.62,3.0,13156,North,Bengaluru,Net Banking,Returned,Express,New,Desktop Web,Tablet,Renewed,Marketplace,Not Returned,Average,Summer,No Promotion,Prime,Other,3
10180,Fashion,Amazon Basics,62330.37,0,62330.37,6,373982.22,4.6,49999,South,Warangal,Credit Card,Cancelled,Express,Regular,Desktop Web,Mobile,New,Amazon,Not Returned,Good,Spring,Festival Sale,Non-Prime,Other,2
10181,Books,Philips,19028.49,31,13129.66,1,13129.66,3.0,13785,Central,Warangal,Credit Card,Shipped,Prime,Premium,Amazon App,Desktop,Renewed,Amazon,Returned,Excellent,Monsoon,No Promotion,Non-Prime,Other,6
10182,Grocery,Sony,56989.56,19,46161.54,4,184646.16,2.9,48359,North,Mumbai,Net Banking,Delivered,Prime,Regular,Mobile Web,Mobile,Renewed,Marketplace,Returned,Excellent,Winter,Lightning Deal,Prime,Male,6
10183,Sports,Apple,74002.12,53,34781.0,6,208686.0,3.0,25271,East,Mumbai,Amazon Pay,Delivered,Prime,Regular,Mobile Web,Tablet,Renewed,Marketplace,Not Returned,Poor,Spring,Bank Offer,Non-Prime,Other,5
10184,Fashion,Lenovo,78406.1,46,42339.29,6,254035.74,3.8,14694,South,Vijayawada,Cash on Delivery,Cancelled,Same Day,VIP,Desktop Web,Tablet,New,Amazon,Not Returned,Average,Winter,Bank Offer,Prime,Other,10
10185,Electronics,Amazon Basics,30322.54,35,19709.65,3,59128.95,2.8,36114,West,Chennai,UPI,Cancelled,Prime,New,Desktop Web,Desktop,New,Marketplace,Not Returned,Good,Monsoon,No Promotion,Prime,Female,10
10186,Books,Nike,51339.84,38,31830.7,6,190984.2,4.8,4013,West,Warangal,Cash on Delivery,Processing,Standard,New,Amazon.in,Tablet,New,Amazon,Returned,Excellent,Winter,Bank Offer,Prime,Female,5
10187,Home & Kitchen,Lenovo,62171.32,29,44141.64,10,441416.4,4.9,32799,Central,Kolkata,UPI,Shipped,Express,VIP,Desktop Web,Mobile,Renewed,Marketplace,Not Returned,Poor,Monsoon,No Promotion,Non-Prime,Female,9
10188,Grocery,Nike,81983.18,6,77064.19,6,462385.14,4.9,24752,West,Warangal,Net Banking,Cancelled,Prime,VIP,Amazon.in,Mobile,Renewed,Marketplace,Not Returned,Good,Monsoon,No Promotion,Non-Prime,Female,5
10189,Grocery,Apple,76185.59,21,60186.62,9,541679.58,2.6,11156,South,Vijayawada,Credit Card,Processing,Prime,Regular,Desktop Web,Desktop,New,Marketplace,Returned,Good,Summer,Coupon,Prime,Other,10
10190,Sports,Samsung,98798.94,56,43471.53,9,391243.77,4.9,10304,South,Pune,Amazon Pay,Processing,Same Day,Premium,Amazon App,Mobile,New,Marketplace,Returned,Excellent,Summer,Coupon,Prime,Female,6
10191,Grocery,Lenovo,1005.85,49,512.98,2,1025.96,5.0,40645,West,Hyderabad,Credit Card,Cancelled,Same Day,New,Amazon App,Mobile,New,Marketplace,Returned,Good,Monsoon,Coupon,Non-Prime,Male,4
10192,Fashion,boAt,43860.45,44,24561.85,4,98247.4,4.9,38938,South,Bengaluru,Cash on Delivery,Delivered,Express,Premium,Amazon.in,Mobile,Renewed,Amazon,Not Returned,Excellent,Spring,Festival Sale,Prime,Other,10
10193,Electronics,Nike,25752.24,9,23434.54,9,210910.86,4.2,12078,Central,Chennai,Credit Card,Shipped,Standard,Premium,Mobile Web,Mobile,New,Amazon,Not Returned,Poor,Summer,Coupon,Non-Prime,Female,1
10194,Grocery,Sony,12164.36,55,5473.96,4,21895.84,4.3,26078,North,Delhi,Net Banking,Shipped,Express,VIP,Amazon App,Tablet,Renewed,Marketplace,Returned,Poor,Monsoon,No Promotion,Prime,Other,4
10195,Grocery,boAt,91168.23,7,84786.45,8,678291.6,2.8,2315,Central,Delhi,Amazon Pay,Delivered,Prime,Premium,Amazon.in,Mobile,Renewed,Marketplace,Not Returned,Good,Winter,Lightning Deal,Non-Prime,Female,2
10196,Home & Kitchen,HP,99795.61,26,73848.75,10,738487.5,4.7,27220,Central,Delhi,Cash on Delivery,Cancelled,Standard,Regular,Desktop Web,Desktop,Renewed,Marketplace,Not Returned,Excellent,Winter,Coupon,Prime,Other,10
10197,Home & Kitchen,HP,18222.5,9,16582.48,3,49747.44,2.6,31731,South,Mumbai,Amazon Pay,Shipped,Standard,VIP,Desktop Web,Desktop,New,Amazon,Not Returned,Average,Spring,Coupon,Non-Prime,Female,3
10198,Beauty,Amazon Basics,4034.65,13,3510.15,3,10530.45,3.3,32833,North,Delhi,UPI,Cancelled,Standard,Premium,Amazon.in,Mobile,Renewed,Amazon,Returned,Poor,Winter,Lightning Deal,Prime,Male,7
10199,Books,Samsung,27649.43,45,15207.19,9,136864.71,5.0,12420,South,Bengaluru,Credit Card,Cancelled,Standard,VIP,Mobile Web,Desktop,New,Amazon,Returned,Excellent,Winter,No Promotion,Non-Prime,Female,7
10200,Fashion,Apple,83518.22,58,35077.65,10,350776.5,3.6,18312,East,Hyderabad,Amazon Pay,Processing,Express,Regular,Amazon.in,Mobile,New,Amazon,Not Returned,Excellent,Monsoon,Festival Sale,Non-Prime,Other,1
10201,Grocery,Lenovo,29529.23,51,14469.32,8,115754.56,2.8,21395,South,Delhi,Debit Card,Delivered,Same Day,Regular,Amazon.in,Desktop,New,Amazon,Not Returned,Excellent,Winter,Coupon,Non-Prime,Other,8
10202,Toys,Puma,5877.77,53,2762.55,1,2762.55,4.9,40301,South,Warangal,Credit Card,Cancelled,Same Day,Premium,Amazon App,Desktop,New,Amazon,Not Returned,Good,Winter,Lightning Deal,Non-Prime,Male,7
10203,Grocery,Sony,5437.72,10,4893.95,10,48939.5,5.0,46972,South,Warangal,UPI,Returned,Prime,VIP,Amazon.in,Mobile,Renewed,Amazon,Not Returned,Average,Winter,No Promotion,Prime,Other,1
10204,Electronics,Nike,42855.8,5,40713.01,2,81426.02,3.0,15317,North,Mumbai,Amazon Pay,Delivered,Same Day,Premium,Amazon.in,Mobile,Renewed,Amazon,Returned,Good,Winter,Bank Offer,Non-Prime,Male,8
10205,Beauty,Apple,93195.21,20,74556.17,3,223668.51,4.7,48225,South,Bengaluru,Cash on Delivery,Shipped,Same Day,Premium,Desktop Web,Tablet,Renewed,Marketplace,Returned,Poor,Monsoon,Festival Sale,Non-Prime,Other,2
10206,Books,boAt,28733.86,32,19539.02,2,39078.04,3.5,16968,North,Hyderabad,UPI,Processing,Same Day,VIP,Amazon App,Mobile,Renewed,Amazon,Not Returned,Good,Winter,Lightning Deal,Prime,Other,8
10207,Toys,HP,42829.34,18,35120.06,3,105360.18,3.5,22854,West,Chennai,Debit Card,Shipped,Same Day,Premium,Desktop Web,Mobile,New,Amazon,Not Returned,Excellent,Spring,Lightning Deal,Non-Prime,Male,3
10208,Beauty,Sony,10371.99,38,6430.63,8,51445.04,3.2,5244,East,Vijayawada,Amazon Pay,Shipped,Prime,Regular,Desktop Web,Tablet,New,Amazon,Returned,Good,Summer,Lightning Deal,Prime,Other,10
10209,Sports,Puma,49457.56,23,38082.32,6,228493.92,2.6,30929,North,Hyderabad,Net Banking,Delivered,Express,VIP,Mobile Web,Mobile,New,Amazon,Not Returned,Excellent,Spring,Coupon,Non-Prime,Other,7
10210,Books,Lenovo,69714.4,17,57862.95,7,405040.65,3.2,40922,West,Vijayawada,Credit Card,Shipped,Standard,VIP,Mobile Web,Mobile,New,Marketplace,Returned,Average,Summer,Bank Offer,Non-Prime,Male,6
10211,Grocery,Amazon Basics,27259.81,34,17991.47,10,179914.7,2.6,24054,North,Pune,Cash on Delivery,Cancelled,Same Day,VIP,Amazon App,Tablet,Renewed,Amazon,Not Returned,Good,Spring,Festival Sale,Non-Prime,Female,5
10212,Grocery,Puma,29810.79,51,14607.29,10,146072.9,4.8,18588,North,Vijayawada,Net Banking,Shipped,Express,VIP,Amazon App,Mobile,New,Marketplace,Returned,Good,Summer,No Promotion,Non-Prime,Male,10
10213,Books,Sony,84228.11,42,48852.3,6,293113.8,4.2,44590,East,Kolkata,Amazon Pay,Processing,Same Day,Premium,Mobile Web,Mobile,Renewed,Marketplace,Not Returned,Good,Summer,No Promotion,Non-Prime,Other,2
10214,Grocery,Puma,1233.3,36,789.31,1,789.31,4.7,34660,Central,Warangal,Amazon Pay,Processing,Same Day,Premium,Mobile Web,Tablet,New,Marketplace,Not Returned,Excellent,Summer,Bank Offer,Non-Prime,Female,2
10215,Fashion,Sony,63718.78,18,52249.4,3,156748.2,4.3,7018,Central,Bengaluru,UPI,Returned,Standard,Regular,Mobile Web,Tablet,New,Amazon,Returned,Excellent,Summer,Lightning Deal,Prime,Female,1
10216,Books,Sony,39508.69,52,18964.17,1,18964.17,2.8,10621,North,Visakhapatnam,Amazon Pay,Processing,Standard,New,Mobile Web,Desktop,New,Amazon,Returned,Good,Monsoon,Lightning Deal,Prime,Female,9
10217,Beauty,Philips,29977.38,23,23082.58,10,230825.8,4.9,973,South,Mumbai,Cash on Delivery,Shipped,Standard,New,Mobile Web,Mobile,New,Amazon,Not Returned,Good,Spring,Lightning Deal,Non-Prime,Male,8
10218,Books,Nike,65826.86,55,29622.09,9,266598.81,4.7,43602,West,Kolkata,Net Banking,Processing,Same Day,Regular,Desktop Web,Desktop,Renewed,Marketplace,Not Returned,Average,Summer,Lightning Deal,Non-Prime,Female,8
10219,Toys,HP,83498.92,33,55944.28,9,503498.52,3.4,39383,South,Vijayawada,Cash on Delivery,Delivered,Same Day,New,Amazon App,Desktop,Renewed,Marketplace,Returned,Average,Spring,Lightning Deal,Prime,Female,1
10220,Grocery,Philips,55926.53,21,44181.96,5,220909.8,2.8,37097,South,Delhi,Debit Card,Processing,Same Day,Regular,Desktop Web,Tablet,Renewed,Marketplace,Returned,Poor,Winter,Bank Offer,Prime,Female,5
10221,Fashion,Lenovo,3302.24,3,3203.17,4,12812.68,4.3,34245,North,Bengaluru,Debit Card,Cancelled,Standard,Premium,Desktop Web,Mobile,Renewed,Marketplace,Not Returned,Average,Summer,Coupon,Non-Prime,Other,6
10222,Fashion,Philips,46246.84,56,20348.61,9,183137.49,4.3,25346,North,Kolkata,Credit Card,Delivered,Prime,VIP,Amazon.in,Mobile,New,Amazon,Not Returned,Average,Spring,Festival Sale,Non-Prime,Male,2
10223,Sports,Samsung,46382.44,9,42208.02,9,379872.18,4.7,40097,North,Mumbai,Credit Card,Returned,Express,VIP,Desktop Web,Tablet,New,Amazon,Returned,Average,Monsoon,Lightning Deal,Non-Prime,Male,10
10224,Beauty,Samsung,54470.09,1,53925.39,3,161776.17,2.6,6444,North,Warangal,Debit Card,Cancelled,Prime,Premium,Mobile Web,Desktop,Renewed,Amazon,Returned,Excellent,Spring,Coupon,Non-Prime,Other,5
10225,Home & Kitchen,HP,67160.7,7,62459.45,5,312297.25,2.9,24881,Central,Bengaluru,Amazon Pay,Shipped,Same Day,VIP,Mobile Web,Tablet,Renewed,Marketplace,Returned,Average,Summer,No Promotion,Non-Prime,Female,6
10226,Home & Kitchen,Puma,2126.98,32,1446.35,3,4339.05,4.0,49153,North,Mumbai,Cash on Delivery,Shipped,Same Day,VIP,Amazon.in,Mobile,New,Marketplace,Returned,Average,Winter,Bank Offer,Non-Prime,Other,9
10227,Books,Nike,50299.86,58,21125.94,10,211259.4,4.0,24846,Central,Pune,Debit Card,Shipped,Prime,New,Amazon.in,Tablet,New,Amazon,Returned,Good,Spring,Coupon,Prime,Other,10
10228,Sports,HP,58912.12,37,37114.64,2,74229.28,2.6,11406,Central,Pune,Credit Card,Cancelled,Same Day,Premium,Amazon.in,Mobile,Renewed,Amazon,Not Returned,Excellent,Winter,Lightning Deal,Non-Prime,Female,1
10229,Electronics,Sony,34465.67,42,19990.09,1,19990.09,3.5,39611,North,Mumbai,Debit Card,Cancelled,Express,New,Amazon.in,Desktop,Renewed,Marketplace,Not Returned,Poor,Monsoon,Lightning Deal,Non-Prime,Female,10
10230,Books,boAt,66901.85,58,28098.78,10,280987.8,4.0,25439,East,Kolkata,Amazon Pay,Cancelled,Same Day,New,Amazon.in,Mobile,Renewed,Amazon,Returned,Poor,Spring,Lightning Deal,Prime,Male,3
10231,Sports,Nike,22971.14,27,16768.93,2,33537.86,4.3,5972,West,Bengaluru,Debit Card,Delivered,Express,VIP,Desktop Web,Desktop,New,Amazon,Not Returned,Average,Spring,Coupon,Prime,Female,9
10232,Beauty,Nike,31872.76,9,29004.21,8,232033.68,3.3,48063,South,Kolkata,Cash on Delivery,Delivered,Prime,VIP,Amazon.in,Desktop,Renewed,Marketplace,Not Returned,Poor,Monsoon,Lightning Deal,Prime,Other,1
10233,Beauty,Sony,96281.98,44,53917.91,8,431343.28,3.7,37873,Central,Chennai,Net Banking,Shipped,Prime,Premium,Desktop Web,Mobile,Renewed,Marketplace,Returned,Poor,Monsoon,Coupon,Prime,Other,1
10234,Beauty,Sony,34936.42,0,34936.42,3,104809.26,4.5,10931,West,Vijayawada,Amazon Pay,Processing,Same Day,VIP,Amazon App,Mobile,Renewed,Marketplace,Not Returned,Poor,Monsoon,Lightning Deal,Non-Prime,Female,1
10235,Beauty,Amazon Basics,34779.79,33,23302.46,7,163117.22,4.9,7702,East,Chennai,Credit Card,Shipped,Express,VIP,Amazon.in,Desktop,Renewed,Amazon,Not Returned,Average,Summer,No Promotion,Prime,Male,7
10236,Beauty,HP,59647.93,2,58454.97,7,409184.79,3.1,19298,South,Pune,Cash on Delivery,Returned,Same Day,Premium,Amazon.in,Tablet,Renewed,Marketplace,Not Returned,Poor,Summer,No Promotion,Prime,Other,5
10237,Sports,Sony,97102.34,8,89334.15,2,178668.3,3.1,21540,South,Warangal,Debit Card,Delivered,Standard,VIP,Desktop Web,Mobile,New,Amazon,Returned,Average,Spring,Festival Sale,Non-Prime,Female,6
10238,Sports,Samsung,98310.43,4,94378.01,9,849402.09,4.8,32040,Central,Hyderabad,Debit Card,Cancelled,Standard,New,Amazon App,Desktop,Renewed,Amazon,Returned,Good,Spring,Lightning Deal,Prime,Male,8
10239,Fashion,Lenovo,58048.86,41,34248.83,3,102746.49,3.5,46904,North,Vijayawada,Net Banking,Delivered,Standard,Premium,Desktop Web,Desktop,New,Marketplace,Not Returned,Good,Spring,Lightning Deal,Prime,Male,2
10240,Toys,boAt,307.48,9,279.81,2,559.62,4.3,31000,East,Pune,Credit Card,Cancelled,Standard,VIP,Desktop Web,Tablet,Renewed,Amazon,Not Returned,Poor,Winter,Coupon,Non-Prime,Other,2
10241,Home & Kitchen,HP,90084.52,11,80175.22,3,240525.66,4.0,29805,Central,Kolkata,Credit Card,Returned,Same Day,Regular,Amazon.in,Mobile,Renewed,Marketplace,Not Returned,Good,Monsoon,Coupon,Non-Prime,Other,3
10242,Grocery,Apple,57108.75,17,47400.26,2,94800.52,3.2,2599,East,Kolkata,UPI,Returned,Standard,Premium,Mobile Web,Desktop,Renewed,Marketplace,Not Returned,Average,Spring,Lightning Deal,Non-Prime,Male,3
10243,Beauty,Samsung,36725.44,57,15791.94,8,126335.52,4.1,22100,North,Kolkata,Credit Card,Delivered,Express,Premium,Mobile Web,Tablet,New,Amazon,Not Returned,Good,Monsoon,Festival Sale,Non-Prime,Male,3
10244,Electronics,Puma,82952.68,20,66362.14,5,331810.7,4.1,30509,North,Warangal,Net Banking,Cancelled,Prime,Regular,Desktop Web,Desktop,New,Amazon,Not Returned,Poor,Summer,Lightning Deal,Non-Prime,Male,4
10245,Grocery,Sony,40102.28,20,32081.82,3,96245.46,4.0,35003,Central,Chennai,UPI,Returned,Prime,VIP,Amazon.in,Mobile,New,Marketplace,Returned,Average,Monsoon,Coupon,Non-Prime,Female,3
10246,Sports,Apple,3596.64,0,3596.64,5,17983.2,2.7,19183,North,Hyderabad,UPI,Shipped,Standard,VIP,Amazon App,Tablet,Renewed,Marketplace,Not Returned,Excellent,Winter,Lightning Deal,Non-Prime,Other,2
10247,Electronics,Sony,82142.01,2,80499.17,8,643993.36,5.0,38241,West,Kolkata,Debit Card,Shipped,Standard,Premium,Mobile Web,Desktop,Renewed,Marketplace,Not Returned,Average,Winter,Coupon,Prime,Male,9
10248,Electronics,Nike,54675.77,4,52488.74,7,367421.18,3.5,18,South,Visakhapatnam,Debit Card,Cancelled,Standard,Premium,Amazon App,Tablet,New,Marketplace,Returned,Good,Monsoon,Lightning Deal,Prime,Other,6
10249,Electronics,Samsung,33945.73,24,25798.75,6,154792.5,4.1,858,Central,Vijayawada,Credit Card,Delivered,Same Day,VIP,Mobile Web,Mobile,New,Marketplace,Not Returned,Excellent,Winter,Bank Offer,Non-Prime,Other,3
10250,Fashion,Nike,25238.06,57,10852.37,1,10852.37,4.7,25992,East,Bengaluru,UPI,Returned,Prime,VIP,Amazon.in,Tablet,Renewed,Marketplace,Not Returned,Average,Winter,Coupon,Prime,Other,9
10251,Sports,Amazon Basics,59459.99,48,30919.19,10,309191.9,3.6,32580,West,Visakhapatnam,Debit Card,Delivered,Standard,New,Desktop Web,Mobile,New,Amazon,Not Returned,Excellent,Summer,Festival Sale,Non-Prime,Male,4
10252,Electronics,Nike,20962.34,7,19494.98,1,19494.98,4.4,5380,Central,Hyderabad,Net Banking,Shipped,Express,Premium,Amazon App,Desktop,Renewed,Amazon,Not Returned,Excellent,Spring,Bank Offer,Prime,Female,4
10253,Beauty,Amazon Basics,32519.32,16,27316.23,1,27316.23,4.9,35800,North,Warangal,Debit Card,Returned,Standard,Premium,Amazon App,Mobile,New,Amazon,Returned,Excellent,Winter,Lightning Deal,Non-Prime,Male,8
10254,Books,Amazon Basics,63724.72,8,58626.74,10,586267.4,3.4,18915,North,Hyderabad,Amazon Pay,Delivered,Prime,Regular,Desktop Web,Desktop,New,Amazon,Not Returned,Average,Spring,Coupon,Prime,Other,7
10255,Electronics,Apple,88177.14,31,60842.23,8,486737.84,3.5,40239,North,Bengaluru,Amazon Pay,Processing,Standard,New,Amazon App,Desktop,New,Marketplace,Returned,Good,Monsoon,Bank Offer,Non-Prime,Male,7
10256,Fashion,Sony,53381.45,5,50712.38,8,405699.04,4.8,37487,North,Vijayawada,Debit Card,Cancelled,Prime,VIP,Mobile Web,Mobile,Renewed,Amazon,Not Returned,Average,Monsoon,Festival Sale,Prime,Male,10
10257,Grocery,Puma,75957.82,48,39498.07,7,276486.49,2.9,12943,East,Bengaluru,UPI,Cancelled,Standard,New,Desktop Web,Desktop,Renewed,Amazon,Not Returned,Good,Winter,Coupon,Non-Prime,Other,7
10258,Sports,Nike,76352.45,39,46574.99,6,279449.94,2.6,37631,West,Mumbai,UPI,Processing,Express,VIP,Mobile Web,Tablet,New,Marketplace,Returned,Average,Monsoon,Bank Offer,Prime,Other,10
10259,Toys,Samsung,66501.52,20,53201.22,4,212804.88,4.8,36806,South,Vijayawada,Cash on Delivery,Shipped,Standard,VIP,Mobile Web,Desktop,Renewed,Amazon,Not Returned,Average,Summer,Bank Offer,Prime,Male,5
10260,Fashion,Amazon Basics,24733.67,6,23249.65,1,23249.65,4.6,18836,East,Hyderabad,Amazon Pay,Returned,Express,New,Amazon.in,Mobile,Renewed,Marketplace,Returned,Average,Winter,Bank Offer,Non-Prime,Male,7
10261,Electronics,Sony,86704.5,6,81502.23,9,733520.07,4.9,35614,East,Kolkata,Net Banking,Cancelled,Express,Premium,Mobile Web,Tablet,Renewed,Marketplace,Returned,Good,Winter,No Promotion,Prime,Male,4
10262,Sports,boAt,43739.31,46,23619.23,1,23619.23,2.6,40832,South,Hyderabad,UPI,Processing,Standard,VIP,Amazon.in,Tablet,Renewed,Marketplace,Returned,Average,Winter,Lightning Deal,Prime,Male,8
10263,Books,HP,4611.23,38,2858.96,4,11435.84,2.9,11394,South,Hyderabad,Credit Card,Processing,Express,New,Amazon App,Desktop,New,Marketplace,Not Returned,Excellent,Monsoon,Coupon,Prime,Female,9
10264,Electronics,Apple,24611.34,53,11567.33,3,34701.99,2.8,6622,North,Vijayawada,Amazon Pay,Shipped,Same Day,Regular,Amazon App,Desktop,Renewed,Marketplace,Not Returned,Average,Monsoon,Coupon,Prime,Male,3
10265,Fashion,Puma,76600.73,26,56684.54,7,396791.78,4.2,45063,East,Mumbai,Net Banking,Shipped,Standard,New,Amazon.in,Mobile,Renewed,Amazon,Not Returned,Excellent,Winter,Coupon,Prime,Female,7
10266,Home & Kitchen,Philips,7098.51,7,6601.61,5,33008.05,4.0,25280,Central,Hyderabad,Net Banking,Delivered,Standard,Regular,Mobile Web,Tablet,New,Amazon,Not Returned,Poor,Spring,Bank Offer,Non-Prime,Other,10
10267,Beauty,Apple,14905.97,8,13713.49,5,68567.45,3.4,11782,South,Visakhapatnam,UPI,Cancelled,Express,VIP,Desktop Web,Mobile,Renewed,Amazon,Returned,Poor,Monsoon,Lightning Deal,Non-Prime,Female,9
10268,Toys,boAt,69482.84,27,50722.47,4,202889.88,2.6,1159,South,Pune,Net Banking,Delivered,Express,New,Desktop Web,Desktop,Renewed,Marketplace,Not Returned,Good,Monsoon,Festival Sale,Prime,Other,1
10269,Grocery,HP,89280.56,14,76781.28,1,76781.28,4.1,4626,West,Delhi,UPI,Processing,Standard,New,Amazon.in,Tablet,Renewed,Amazon,Not Returned,Good,Winter,Coupon,Non-Prime,Female,2
10270,Fashion,boAt,63445.45,1,62811.0,5,314055.0,3.9,23440,Central,Delhi,Debit Card,Returned,Same Day,Regular,Amazon App,Mobile,New,Amazon,Returned,Poor,Spring,Lightning Deal,Prime,Other,7
10271,Sports,Nike,22383.65,6,21040.63,4,84162.52,2.8,36490,Central,Hyderabad,Amazon Pay,Returned,Express,New,Amazon App,Mobile,New,Amazon,Returned,Average,Winter,Lightning Deal,Non-Prime,Male,2
10272,Toys,Amazon Basics,5529.69,46,2986.03,10,29860.3,4.8,11630,South,Visakhapatnam,Cash on Delivery,Shipped,Express,New,Desktop Web,Mobile,Renewed,Amazon,Not Returned,Average,Monsoon,No Promotion,Prime,Female,7
10273,Toys,Puma,61588.63,17,51118.56,8,408948.48,3.0,44042,North,Kolkata,Debit Card,Returned,Prime,VIP,Amazon.in,Mobile,Renewed,Marketplace,Returned,Average,Winter,Coupon,Prime,Female,1
10274,Toys,Lenovo,4929.38,21,3894.21,2,7788.42,4.4,47656,West,Warangal,Amazon Pay,Returned,Same Day,New,Desktop Web,Mobile,New,Amazon,Returned,Poor,Winter,Bank Offer,Prime,Other,3
10275,Electronics,Amazon Basics,61348.66,49,31287.82,8,250302.56,4.7,6589,Central,Warangal,UPI,Returned,Same Day,Premium,Mobile Web,Tablet,New,Marketplace,Returned,Excellent,Winter,Lightning Deal,Prime,Other,5
10276,Beauty,Lenovo,22711.88,9,20667.81,1,20667.81,3.9,48241,South,Vijayawada,Amazon Pay,Processing,Standard,Regular,Mobile Web,Mobile,New,Marketplace,Returned,Good,Spring,Lightning Deal,Non-Prime,Female,6
10277,Electronics,HP,90483.68,53,42527.33,4,170109.32,3.1,23233,Central,Delhi,UPI,Returned,Same Day,New,Amazon.in,Tablet,Renewed,Amazon,Returned,Excellent,Winter,Festival Sale,Non-Prime,Other,9
10278,Sports,Sony,47613.25,49,24282.76,3,72848.28,3.3,35011,West,Hyderabad,Debit Card,Returned,Standard,Regular,Amazon.in,Mobile,Renewed,Marketplace,Not Returned,Poor,Monsoon,No Promotion,Non-Prime,Male,9
10279,Electronics,Philips,22548.06,32,15332.68,5,76663.4,4.7,8177,West,Warangal,Credit Card,Returned,Prime,Regular,Mobile Web,Desktop,New,Marketplace,Not Returned,Excellent,Winter,Lightning Deal,Prime,Female,3
10280,Home & Kitchen,Samsung,85342.9,6,80222.33,5,401111.65,3.2,34528,East,Hyderabad,Credit Card,Delivered,Same Day,Regular,Amazon App,Desktop,Renewed,Marketplace,Not Returned,Average,Spring,Lightning Deal,Non-Prime,Male,8
10281,Beauty,Amazon Basics,25551.73,2,25040.7,5,125203.5,4.4,48970,South,Vijayawada,Amazon Pay,Processing,Express,New,Amazon.in,Mobile,Renewed,Marketplace,Not Returned,Average,Summer,Bank Offer,Non-Prime,Female,4
10282,Beauty,Puma,30797.59,13,26793.9,4,107175.6,5.0,38210,West,Delhi,Credit Card,Shipped,Prime,New,Mobile Web,Desktop,Renewed,Marketplace,Not Returned,Excellent,Spring,Bank Offer,Prime,Male,7
10283,Sports,boAt,83459.93,43,47572.16,8,380577.28,5.0,26372,East,Bengaluru,UPI,Delivered,Standard,Regular,Mobile Web,Tablet,Renewed,Marketplace,Not Returned,Poor,Winter,Festival Sale,Prime,Female,6
10284,Grocery,Puma,31016.44,45,17059.04,3,51177.12,3.8,23508,East,Pune,Net Banking,Cancelled,Prime,Premium,Amazon App,Mobile,Renewed,Marketplace,Not Returned,Excellent,Summer,Festival Sale,Prime,Other,8
10285,Home & Kitchen,HP,41133.34,60,16453.34,4,65813.36,4.6,14965,Central,Pune,UPI,Processing,Standard,Regular,Amazon App,Tablet,Renewed,Amazon,Returned,Average,Winter,Festival Sale,Non-Prime,Female,6
10286,Fashion,Lenovo,34896.03,35,22682.42,1,22682.42,5.0,3236,Central,Warangal,Net Banking,Processing,Prime,Premium,Amazon App,Mobile,Renewed,Amazon,Not Returned,Average,Spring,Bank Offer,Non-Prime,Male,4
10287,Electronics,boAt,11815.75,12,10397.86,7,72785.02,3.4,15611,East,Pune,Debit Card,Cancelled,Standard,Regular,Amazon App,Desktop,New,Marketplace,Not Returned,Poor,Summer,Bank Offer,Prime,Female,2
10288,Books,Samsung,4080.8,15,3468.68,1,3468.68,3.1,22282,Central,Bengaluru,Cash on Delivery,Cancelled,Same Day,VIP,Desktop Web,Tablet,New,Marketplace,Not Returned,Excellent,Summer,No Promotion,Non-Prime,Male,7
10289,Electronics,Samsung,72508.16,15,61631.94,2,123263.88,2.8,41003,West,Hyderabad,Net Banking,Cancelled,Express,Regular,Amazon App,Desktop,New,Amazon,Returned,Average,Winter,Coupon,Prime,Male,4
10290,Toys,Amazon Basics,64583.68,53,30354.33,7,212480.31,2.9,15829,North,Vijayawada,Credit Card,Shipped,Standard,Regular,Desktop Web,Desktop,New,Amazon,Not Returned,Average,Winter,Coupon,Non-Prime,Male,9
10291,Electronics,HP,28379.13,4,27243.96,1,27243.96,4.6,8680,West,Bengaluru,UPI,Returned,Prime,New,Amazon.in,Mobile,New,Amazon,Not Returned,Excellent,Spring,No Promotion,Prime,Other,9
10292,Fashion,Sony,29699.79,51,14552.9,3,43658.7,4.0,11340,East,Vijayawada,Debit Card,Processing,Standard,Premium,Mobile Web,Tablet,New,Amazon,Returned,Excellent,Winter,Coupon,Non-Prime,Female,7
10293,Electronics,HP,94510.58,24,71828.04,6,430968.24,4.7,31093,East,Vijayawada,Credit Card,Returned,Standard,VIP,Desktop Web,Desktop,New,Marketplace,Not Returned,Good,Summer,Bank Offer,Non-Prime,Male,5
10294,Home & Kitchen,Lenovo,98768.58,37,62224.21,6,373345.26,4.5,21107,West,Delhi,Debit Card,Returned,Standard,Premium,Amazon.in,Mobile,New,Marketplace,Not Returned,Poor,Monsoon,Coupon,Non-Prime,Other,3
10295,Home & Kitchen,Puma,47447.8,37,29892.11,6,179352.66,4.2,9148,Central,Hyderabad,Cash on Delivery,Cancelled,Prime,VIP,Amazon.in,Mobile,New,Amazon,Returned,Poor,Monsoon,Bank Offer,Prime,Male,3
10296,Beauty,Samsung,80283.68,49,40944.68,2,81889.36,4.0,43074,Central,Visakhapatnam,UPI,Shipped,Express,Regular,Desktop Web,Mobile,Renewed,Amazon,Not Returned,Excellent,Spring,No Promotion,Prime,Female,9
10297,Sports,Puma,73720.25,37,46443.76,2,92887.52,2.6,17499,East,Pune,Amazon Pay,Delivered,Same Day,New,Amazon.in,Desktop,Renewed,Amazon,Returned,Poor,Winter,Festival Sale,Prime,Other,9
10298,Grocery,Puma,29871.31,38,18520.21,6,111121.26,4.7,18165,South,Visakhapatnam,UPI,Shipped,Express,New,Amazon.in,Mobile,New,Amazon,Not Returned,Average,Spring,No Promotion,Non-Prime,Male,4
10299,Books,Puma,6043.56,55,2719.6,10,27196.0,3.5,43786,Central,Delhi,Cash on Delivery,Returned,Standard,Premium,Desktop Web,Tablet,Renewed,Marketplace,Not Returned,Excellent,Monsoon,Coupon,Prime,Male,1
10300,Toys,Samsung,14426.11,55,6491.75,5,32458.75,3.9,25226,West,Vijayawada,UPI,Shipped,Prime,New,Amazon.in,Tablet,Renewed,Amazon,Not Returned,Excellent,Monsoon,Bank Offer,Non-Prime,Male,10
10301,Electronics,Apple,83860.75,47,44446.2,7,311123.4,2.6,18260,Central,Warangal,Amazon Pay,Cancelled,Express,Premium,Amazon App,Desktop,New,Amazon,Returned,Excellent,Winter,Coupon,Prime,Female,5
10302,Electronics,Nike,73174.14,40,43904.48,7,307331.36,4.8,24916,West,Pune,Net Banking,Delivered,Standard,Premium,Amazon App,Tablet,New,Amazon,Returned,Good,Summer,Coupon,Prime,Other,8
10303,Fashion,Lenovo,66499.62,25,49874.72,5,249373.6,4.8,43910,East,Pune,Debit Card,Cancelled,Same Day,VIP,Mobile Web,Mobile,New,Marketplace,Returned,Poor,Winter,Festival Sale,Non-Prime,Other,10
10304,Sports,Apple,13237.75,58,5559.86,8,44478.88,3.9,30480,Central,Hyderabad,Amazon Pay,Delivered,Same Day,Premium,Amazon.in,Desktop,Renewed,Marketplace,Not Returned,Good,Monsoon,Coupon,Non-Prime,Other,4
10305,Home & Kitchen,Lenovo,64064.08,12,56376.39,10,563763.9,3.9,32191,West,Mumbai,Credit Card,Returned,Same Day,VIP,Mobile Web,Mobile,Renewed,Marketplace,Not Returned,Average,Summer,Festival Sale,Prime,Male,10
10306,Books,boAt,77259.8,43,44038.09,6,264228.54,4.3,9546,East,Chennai,Cash on Delivery,Delivered,Standard,New,Amazon App,Desktop,New,Amazon,Returned,Poor,Spring,Bank Offer,Prime,Other,10
10307,Beauty,HP,86087.05,50,43043.52,5,215217.6,3.2,36044,South,Chennai,Net Banking,Delivered,Prime,Premium,Amazon App,Desktop,Renewed,Amazon,Returned,Good,Monsoon,Bank Offer,Non-Prime,Male,4
10308,Home & Kitchen,HP,1519.48,25,1139.61,4,4558.44,3.1,49600,West,Chennai,Credit Card,Delivered,Express,Premium,Amazon App,Mobile,Renewed,Amazon,Not Returned,Excellent,Spring,Festival Sale,Non-Prime,Female,9
10309,Toys,Philips,68509.62,54,31514.43,7,220601.01,4.2,21921,South,Mumbai,Credit Card,Shipped,Same Day,Regular,Amazon.in,Tablet,Renewed,Marketplace,Not Returned,Good,Summer,No Promotion,Prime,Other,9
10310,Sports,HP,2104.95,54,968.28,4,3873.12,2.8,48776,South,Hyderabad,Cash on Delivery,Shipped,Standard,Premium,Amazon.in,Tablet,New,Marketplace,Not Returned,Excellent,Spring,Bank Offer,Non-Prime,Male,7
10311,Toys,Samsung,70744.91,0,70744.91,5,353724.55,3.6,36940,North,Mumbai,Net Banking,Returned,Standard,Premium,Amazon App,Desktop,Renewed,Amazon,Not Returned,Good,Monsoon,No Promotion,Prime,Other,10
10312,Grocery,Sony,63634.01,7,59179.63,5,295898.15,3.7,45951,Central,Chennai,Credit Card,Delivered,Express,Regular,Mobile Web,Mobile,Renewed,Amazon,Returned,Good,Winter,Bank Offer,Prime,Other,8
10313,Beauty,Amazon Basics,15004.12,3,14554.0,1,14554.0,3.5,12836,West,Delhi,Credit Card,Processing,Same Day,Regular,Mobile Web,Mobile,Renewed,Marketplace,Not Returned,Good,Spring,Bank Offer,Prime,Female,4
10314,Grocery,Philips,76657.95,20,61326.36,1,61326.36,3.0,8989,South,Bengaluru,Net Banking,Returned,Standard,New,Desktop Web,Desktop,Renewed,Amazon,Not Returned,Excellent,Monsoon,Lightning Deal,Non-Prime,Other,8
10315,Fashion,Amazon Basics,7020.09,21,5545.87,3,16637.61,3.4,13740,North,Vijayawada,UPI,Delivered,Express,Premium,Amazon App,Tablet,Renewed,Amazon,Not Returned,Good,Monsoon,Coupon,Prime,Female,6
10316,Toys,Lenovo,82673.6,50,41336.8,3,124010.4,3.3,30180,East,Mumbai,Credit Card,Delivered,Prime,New,Mobile Web,Mobile,Renewed,Amazon,Not Returned,Poor,Summer,Coupon,Prime,Other,3
10317,Fashion,Amazon Basics,26339.54,52,12642.98,2,25285.96,3.7,13102,West,Hyderabad,Debit Card,Shipped,Prime,New,Amazon App,Tablet,Renewed,Marketplace,Not Returned,Poor,Monsoon,No Promotion,Non-Prime,Other,7
10318,Electronics,Amazon Basics,68946.42,57,29646.96,2,59293.92,4.2,15357,South,Hyderabad,Net Banking,Returned,Prime,Regular,Mobile Web,Tablet,New,Amazon,Not Returned,Poor,Winter,Coupon,Non-Prime,Other,3
10319,Grocery,Philips,92383.2,36,59125.25,6,354751.5,4.9,48381,Central,Visakhapatnam,Credit Card,Delivered,Same Day,VIP,Desktop Web,Desktop,New,Amazon,Not Returned,Excellent,Winter,No Promotion,Non-Prime,Other,7
10320,Sports,boAt,34113.74,48,17739.14,1,17739.14,2.9,30255,North,Bengaluru,Cash on Delivery,Delivered,Express,New,Desktop Web,Desktop,Renewed,Amazon,Returned,Excellent,Spring,Bank Offer,Prime,Other,5
10321,Toys,Puma,50387.83,2,49380.07,6,296280.42,4.7,36094,South,Warangal,Amazon Pay,Returned,Express,VIP,Amazon App,Tablet,New,Amazon,Returned,Poor,Spring,Lightning Deal,Non-Prime,Other,4
10322,Books,HP,46418.18,18,38062.91,5,190314.55,3.2,25221,Central,Pune,Debit Card,Processing,Standard,Premium,Mobile Web,Mobile,Renewed,Marketplace,Returned,Poor,Spring,Lightning Deal,Non-Prime,Female,3
10323,Beauty,HP,15928.61,0,15928.61,6,95571.66,4.0,719,South,Chennai,Amazon Pay,Returned,Standard,Regular,Amazon.in,Mobile,Renewed,Marketplace,Not Returned,Poor,Spring,Bank Offer,Prime,Female,8
10324,Home & Kitchen,Samsung,59112.14,28,42560.74,5,212803.7,3.9,17906,West,Warangal,Amazon Pay,Returned,Standard,Premium,Desktop Web,Desktop,Renewed,Marketplace,Returned,Average,Winter,Festival Sale,Prime,Male,4
10325,Sports,Philips,74350.59,22,57993.46,7,405954.22,3.9,23140,West,Visakhapatnam,Credit Card,Processing,Express,Premium,Amazon App,Tablet,New,Amazon,Not Returned,Poor,Summer,Festival Sale,Prime,Other,8
10326,Sports,Samsung,91703.11,32,62358.11,1,62358.11,4.3,1069,West,Chennai,Debit Card,Returned,Standard,Regular,Amazon App,Mobile,Renewed,Marketplace,Not Returned,Good,Spring,Coupon,Prime,Female,10
10327,Fashion,Sony,85109.1,54,39150.19,3,117450.57,3.5,7749,North,Bengaluru,Debit Card,Delivered,Express,Premium,Mobile Web,Mobile,Renewed,Amazon,Not Returned,Average,Summer,No Promotion,Non-Prime,Other,3
10328,Grocery,Sony,51098.93,51,25038.48,6,150230.88,3.3,12935,West,Visakhapatnam,UPI,Returned,Express,Regular,Amazon App,Desktop,New,Marketplace,Not Returned,Average,Monsoon,Lightning Deal,Prime,Other,10
10329,Toys,Samsung,71956.91,40,43174.15,1,43174.15,4.6,37655,Central,Chennai,Amazon Pay,Processing,Prime,VIP,Desktop Web,Tablet,New,Amazon,Returned,Excellent,Monsoon,Coupon,Non-Prime,Female,9
10330,Toys,Philips,80117.18,22,62491.4,7,437439.8,3.1,44035,South,Bengaluru,Debit Card,Cancelled,Standard,Premium,Amazon App,Mobile,Renewed,Marketplace,Not Returned,Good,Spring,Bank Offer,Prime,Other,6
10331,Electronics,Samsung,49449.17,4,47471.2,4,189884.8,3.0,30720,East,Kolkata,UPI,Returned,Prime,Regular,Amazon App,Desktop,New,Marketplace,Not Returned,Excellent,Monsoon,Lightning Deal,Prime,Female,5
10332,Electronics,HP,11718.67,6,11015.55,3,33046.65,2.5,27937,Central,Warangal,Net Banking,Shipped,Same Day,New,Amazon.in,Mobile,New,Marketplace,Returned,Excellent,Summer,No Promotion,Non-Prime,Female,5
10333,Beauty,Apple,43904.49,56,19317.98,10,193179.8,3.0,18540,Central,Warangal,UPI,Delivered,Same Day,Premium,Amazon.in,Mobile,Renewed,Amazon,Returned,Good,Summer,No Promotion,Non-Prime,Male,3
10334,Fashion,Nike,84278.31,57,36239.67,9,326157.03,3.8,7944,West,Pune,Cash on Delivery,Delivered,Same Day,VIP,Desktop Web,Mobile,Renewed,Amazon,Returned,Excellent,Monsoon,Festival Sale,Non-Prime,Male,2
10335,Sports,Amazon Basics,59743.81,5,56756.62,1,56756.62,3.8,48702,North,Bengaluru,Credit Card,Shipped,Express,Regular,Mobile Web,Desktop,Renewed,Amazon,Not Returned,Good,Spring,Coupon,Prime,Male,6
10336,Toys,Nike,72499.95,48,37699.97,8,301599.76,3.1,12747,South,Mumbai,Net Banking,Shipped,Express,Premium,Amazon.in,Tablet,New,Marketplace,Returned,Good,Summer,Bank Offer,Prime,Male,1
10337,Books,Philips,18688.75,21,14764.11,1,14764.11,2.7,10505,North,Kolkata,Net Banking,Returned,Express,Premium,Mobile Web,Desktop,New,Amazon,Not Returned,Excellent,Summer,Lightning Deal,Non-Prime,Other,7
10338,Fashion,Nike,96439.91,48,50148.75,5,250743.75,4.4,46217,South,Delhi,Cash on Delivery,Shipped,Standard,Premium,Desktop Web,Tablet,New,Amazon,Not Returned,Poor,Winter,No Promotion,Non-Prime,Other,5
10339,Beauty,Sony,40526.24,12,35663.09,10,356630.9,4.4,11697,South,Chennai,UPI,Cancelled,Prime,VIP,Amazon.in,Mobile,Renewed,Amazon,Returned,Excellent,Spring,Lightning Deal,Prime,Male,4
10340,Beauty,Lenovo,65431.83,11,58234.33,8,465874.64,5.0,36907,North,Kolkata,Credit Card,Processing,Express,Regular,Mobile Web,Tablet,New,Amazon,Returned,Average,Winter,Bank Offer,Non-Prime,Female,9
10341,Fashion,Amazon Basics,2082.45,3,2019.98,6,12119.88,4.8,15221,Central,Bengaluru,UPI,Shipped,Prime,New,Amazon.in,Mobile,New,Amazon,Returned,Excellent,Monsoon,Lightning Deal,Non-Prime,Female,10
10342,Beauty,Puma,12905.46,7,12002.08,7,84014.56,4.8,7087,South,Vijayawada,Debit Card,Shipped,Prime,New,Desktop Web,Mobile,Renewed,Amazon,Not Returned,Good,Monsoon,Coupon,Prime,Female,1
10343,Fashion,Philips,78246.02,36,50077.45,8,400619.6,4.5,21462,North,Chennai,UPI,Cancelled,Prime,New,Desktop Web,Desktop,Renewed,Marketplace,Not Returned,Average,Winter,Festival Sale,Non-Prime,Female,4
10344,Home & Kitchen,Amazon Basics,96802.35,30,67761.64,6,406569.84,4.0,22789,South,Hyderabad,Net Banking,Delivered,Standard,Regular,Amazon.in,Mobile,Renewed,Marketplace,Not Returned,Good,Spring,Lightning Deal,Prime,Other,3
10345,Fashion,Nike,32140.52,36,20569.93,6,123419.58,2.8,33400,East,Warangal,Credit Card,Delivered,Standard,New,Mobile Web,Desktop,New,Amazon,Not Returned,Poor,Summer,Festival Sale,Prime,Female,6
10346,Grocery,Sony,3909.64,44,2189.4,6,13136.4,4.1,2199,Central,Bengaluru,UPI,Returned,Same Day,VIP,Amazon App,Tablet,Renewed,Marketplace,Not Returned,Poor,Monsoon,Bank Offer,Prime,Female,5
10347,Fashion,boAt,36213.49,25,27160.12,5,135800.6,2.6,47316,West,Hyderabad,Credit Card,Cancelled,Same Day,Regular,Amazon App,Tablet,New,Marketplace,Not Returned,Average,Spring,Festival Sale,Non-Prime,Male,7
10348,Beauty,Apple,1942.32,42,1126.55,8,9012.4,4.7,44023,South,Pune,Credit Card,Processing,Prime,Premium,Amazon.in,Mobile,New,Amazon,Returned,Poor,Spring,Lightning Deal,Non-Prime,Female,1
10349,Toys,Puma,19397.83,7,18039.98,2,36079.96,3.7,21737,East,Visakhapatnam,Debit Card,Processing,Same Day,VIP,Mobile Web,Desktop,Renewed,Amazon,Not Returned,Poor,Monsoon,Lightning Deal,Non-Prime,Other,5
10350,Grocery,Apple,75295.71,39,45930.38,7,321512.66,4.2,49774,West,Delhi,Debit Card,Cancelled,Prime,Premium,Amazon App,Mobile,Renewed,Marketplace,Returned,Excellent,Monsoon,No Promotion,Non-Prime,Female,2
10351,Beauty,Amazon Basics,93720.42,32,63729.89,4,254919.56,2.6,6073,West,Delhi,Net Banking,Processing,Standard,New,Desktop Web,Desktop,Renewed,Amazon,Returned,Excellent,Spring,Lightning Deal,Prime,Female,2
10352,Electronics,Sony,8926.42,44,4998.8,1,4998.8,3.8,16744,South,Hyderabad,Cash on Delivery,Delivered,Standard,VIP,Mobile Web,Desktop,Renewed,Marketplace,Returned,Poor,Summer,Festival Sale,Prime,Other,2
10353,Electronics,Sony,55877.5,28,40231.8,5,201159.0,3.3,10559,North,Warangal,Credit Card,Processing,Standard,Regular,Amazon App,Desktop,Renewed,Marketplace,Returned,Poor,Winter,No Promotion,Non-Prime,Male,9
10354,Toys,Nike,25536.31,4,24514.86,3,73544.58,3.2,32695,South,Pune,Cash on Delivery,Processing,Express,VIP,Mobile Web,Tablet,New,Marketplace,Returned,Excellent,Monsoon,Lightning Deal,Non-Prime,Other,10
10355,Toys,HP,14077.1,27,10276.28,4,41105.12,3.5,48865,East,Vijayawada,Net Banking,Cancelled,Prime,Premium,Amazon.in,Desktop,New,Amazon,Not Returned,Poor,Winter,Lightning Deal,Non-Prime,Male,3
10356,Grocery,Nike,22053.23,52,10585.55,7,74098.85,2.5,8401,West,Warangal,Credit Card,Cancelled,Standard,Regular,Mobile Web,Tablet,New,Marketplace,Not Returned,Poor,Spring,Bank Offer,Non-Prime,Female,4
10357,Home & Kitchen,HP,57859.75,39,35294.45,5,176472.25,3.7,11659,South,Kolkata,Credit Card,Processing,Prime,VIP,Amazon App,Desktop,Renewed,Amazon,Not Returned,Good,Winter,No Promotion,Prime,Male,5
10358,Toys,HP,6699.42,16,5627.51,4,22510.04,3.7,41890,North,Delhi,Amazon Pay,Shipped,Same Day,VIP,Amazon.in,Tablet,New,Amazon,Not Returned,Poor,Summer,Bank Offer,Non-Prime,Male,4
10359,Electronics,Puma,43534.02,54,20025.65,1,20025.65,4.7,13894,South,Kolkata,Cash on Delivery,Cancelled,Same Day,VIP,Mobile Web,Tablet,Renewed,Amazon,Returned,Average,Spring,Bank Offer,Prime,Male,4
10360,Fashion,Nike,13694.74,22,10681.9,6,64091.4,3.6,29160,Central,Chennai,UPI,Returned,Standard,VIP,Desktop Web,Tablet,Renewed,Amazon,Returned,Good,Summer,Bank Offer,Non-Prime,Female,5
10361,Beauty,boAt,27412.17,44,15350.82,10,153508.2,3.4,29272,North,Mumbai,Debit Card,Returned,Prime,Regular,Amazon App,Mobile,New,Amazon,Returned,Average,Spring,Coupon,Non-Prime,Male,10
10362,Electronics,Samsung,19236.28,8,17697.38,6,106184.28,5.0,24512,East,Bengaluru,UPI,Delivered,Standard,Premium,Amazon.in,Desktop,New,Marketplace,Not Returned,Poor,Summer,Bank Offer,Non-Prime,Male,9
10363,Electronics,Samsung,88319.95,1,87436.75,7,612057.25,3.9,33645,West,Pune,Cash on Delivery,Processing,Same Day,VIP,Mobile Web,Mobile,Renewed,Amazon,Not Returned,Excellent,Spring,Festival Sale,Prime,Female,9
10364,Home & Kitchen,Nike,70858.53,31,48892.39,1,48892.39,3.7,46543,South,Warangal,Debit Card,Shipped,Standard,Regular,Desktop Web,Desktop,New,Amazon,Not Returned,Good,Summer,Lightning Deal,Non-Prime,Other,6
10365,Grocery,Nike,86871.57,50,43435.78,4,173743.12,3.7,21179,North,Delhi,UPI,Delivered,Prime,Premium,Amazon App,Desktop,Renewed,Amazon,Not Returned,Excellent,Spring,Coupon,Prime,Other,3
10366,Grocery,Apple,38468.59,51,18849.61,9,169646.49,4.5,10691,Central,Kolkata,Amazon Pay,Processing,Same Day,VIP,Desktop Web,Mobile,New,Amazon,Returned,Good,Summer,Bank Offer,Prime,Other,6
10367,Sports,Puma,31477.65,48,16368.38,10,163683.8,3.4,16110,North,Visakhapatnam,Debit Card,Cancelled,Express,Premium,Mobile Web,Tablet,New,Amazon,Returned,Excellent,Spring,Lightning Deal,Non-Prime,Female,10
10368,Home & Kitchen,Nike,38181.6,30,26727.12,6,160362.72,3.5,35291,Central,Chennai,Credit Card,Returned,Same Day,Premium,Mobile Web,Desktop,New,Marketplace,Not Returned,Good,Summer,No Promotion,Prime,Female,4
10369,Fashion,Apple,2050.11,6,1927.1,2,3854.2,4.4,45311,East,Bengaluru,UPI,Shipped,Express,Regular,Amazon.in,Tablet,New,Amazon,Not Returned,Good,Monsoon,No Promotion,Prime,Other,3
10370,Grocery,HP,72524.49,29,51492.39,4,205969.56,2.7,29845,West,Bengaluru,Debit Card,Returned,Standard,Premium,Desktop Web,Mobile,New,Amazon,Returned,Average,Winter,Lightning Deal,Prime,Male,6
10371,Beauty,Sony,35106.29,57,15095.7,6,90574.2,4.7,39038,East,Warangal,Amazon Pay,Cancelled,Standard,Regular,Amazon.in,Tablet,Renewed,Marketplace,Returned,Excellent,Spring,Festival Sale,Non-Prime,Other,6
10372,Toys,Sony,31468.72,2,30839.35,4,123357.4,3.6,24967,South,Pune,Debit Card,Processing,Prime,VIP,Amazon App,Desktop,New,Amazon,Returned,Average,Summer,Lightning Deal,Prime,Female,2
10373,Home & Kitchen,HP,59893.48,50,29946.74,10,299467.4,4.0,28478,North,Vijayawada,Debit Card,Cancelled,Express,Premium,Amazon.in,Desktop,New,Marketplace,Returned,Average,Monsoon,Lightning Deal,Prime,Male,9
10374,Toys,Philips,43736.74,50,21868.37,7,153078.59,4.4,5088,Central,Visakhapatnam,Amazon Pay,Cancelled,Standard,Premium,Amazon App,Desktop,New,Marketplace,Not Returned,Excellent,Spring,Coupon,Non-Prime,Male,8
10375,Electronics,Apple,98087.17,55,44139.23,3,132417.69,3.2,40332,Central,Warangal,UPI,Returned,Express,New,Mobile Web,Mobile,Renewed,Marketplace,Returned,Good,Spring,No Promotion,Non-Prime,Female,6
10376,Beauty,Apple,35753.05,8,32892.81,6,197356.86,4.7,7066,North,Kolkata,Net Banking,Shipped,Standard,VIP,Mobile Web,Desktop,Renewed,Marketplace,Returned,Average,Spring,No Promotion,Prime,Male,1
10377,Beauty,HP,61465.81,9,55933.89,4,223735.56,4.9,39313,North,Mumbai,UPI,Cancelled,Same Day,VIP,Desktop Web,Mobile,Renewed,Amazon,Returned,Excellent,Winter,Bank Offer,Prime,Other,2
10378,Electronics,boAt,31301.78,60,12520.71,3,37562.13,3.7,2321,South,Hyderabad,Cash on Delivery,Returned,Standard,New,Amazon App,Tablet,Renewed,Amazon,Returned,Good,Summer,Lightning Deal,Prime,Female,4
10379,Home & Kitchen,Lenovo,99060.38,45,54483.21,3,163449.63,4.8,45900,East,Vijayawada,Amazon Pay,Shipped,Prime,New,Mobile Web,Desktop,Renewed,Marketplace,Not Returned,Average,Summer,Lightning Deal,Prime,Female,7
10380,Electronics,Amazon Basics,44621.08,49,22756.75,2,45513.5,2.5,24533,Central,Pune,UPI,Processing,Same Day,Regular,Desktop Web,Desktop,New,Marketplace,Not Returned,Average,Spring,Festival Sale,Non-Prime,Female,9
10381,Toys,HP,63485.06,57,27298.58,3,81895.74,4.7,24509,South,Chennai,Debit Card,Processing,Prime,Regular,Desktop Web,Desktop,New,Amazon,Not Returned,Average,Spring,No Promotion,Non-Prime,Female,10
10382,Sports,Nike,12845.82,46,6936.74,10,69367.4,3.3,41098,East,Vijayawada,Amazon Pay,Delivered,Same Day,Premium,Amazon.in,Tablet,New,Marketplace,Not Returned,Good,Spring,Festival Sale,Prime,Male,5
10383,Beauty,Nike,73354.82,25,55016.12,1,55016.12,3.3,8294,South,Delhi,Credit Card,Returned,Express,Premium,Desktop Web,Desktop,Renewed,Marketplace,Not Returned,Average,Monsoon,Coupon,Non-Prime,Female,10
10384,Books,Puma,27066.16,0,27066.16,3,81198.48,3.1,46321,Central,Pune,UPI,Shipped,Prime,Premium,Mobile Web,Mobile,Renewed,Marketplace,Not Returned,Good,Spring,Bank Offer,Prime,Female,2
10385,Books,HP,44970.6,29,31929.13,9,287362.17,3.3,38101,North,Mumbai,Amazon Pay,Cancelled,Standard,Premium,Amazon.in,Tablet,New,Amazon,Returned,Poor,Winter,Festival Sale,Non-Prime,Male,1
10386,Toys,Puma,88335.68,56,38867.7,4,155470.8,3.0,25059,North,Delhi,UPI,Processing,Express,Regular,Amazon App,Tablet,Renewed,Marketplace,Returned,Average,Summer,No Promotion,Non-Prime,Female,10
10387,Fashion,HP,97060.14,37,61147.89,3,183443.67,4.8,31248,East,Vijayawada,Amazon Pay,Shipped,Standard,VIP,Amazon App,Tablet,Renewed,Amazon,Returned,Poor,Winter,Coupon,Prime,Male,1
10388,Grocery,Apple,42571.3,14,36611.32,8,292890.56,4.7,40626,West,Hyderabad,Debit Card,Returned,Same Day,Premium,Mobile Web,Tablet,Renewed,Amazon,Returned,Excellent,Spring,Lightning Deal,Prime,Male,5
10389,Electronics,Amazon Basics,83512.31,24,63469.36,1,63469.36,2.8,20703,East,Hyderabad,Credit Card,Delivered,Same Day,VIP,Mobile Web,Tablet,New,Amazon,Not Returned,Average,Monsoon,Coupon,Prime,Female,7
10390,Electronics,Apple,5523.23,5,5247.07,5,26235.35,2.9,38157,West,Mumbai,Credit Card,Processing,Standard,Premium,Amazon.in,Mobile,New,Marketplace,Returned,Excellent,Spring,Festival Sale,Prime,Other,9
10391,Fashion,Lenovo,84786.89,17,70373.12,1,70373.12,4.7,3205,South,Bengaluru,Cash on Delivery,Shipped,Standard,New,Amazon.in,Tablet,Renewed,Marketplace,Not Returned,Excellent,Spring,No Promotion,Non-Prime,Female,9
10392,Fashion,Sony,63024.13,0,63024.13,7,441168.91,3.5,34929,South,Visakhapatnam,Amazon Pay,Shipped,Express,Premium,Mobile Web,Desktop,Renewed,Amazon,Returned,Excellent,Spring,Festival Sale,Non-Prime,Other,8
10393,Toys,Samsung,48971.88,55,22037.35,5,110186.75,2.9,17848,Central,Chennai,UPI,Shipped,Standard,Premium,Mobile Web,Tablet,Renewed,Amazon,Returned,Poor,Spring,Lightning Deal,Prime,Male,1
10394,Toys,HP,89017.38,2,87237.03,2,174474.06,3.8,33411,West,Bengaluru,Credit Card,Returned,Prime,Premium,Amazon App,Tablet,Renewed,Amazon,Returned,Good,Spring,Lightning Deal,Non-Prime,Other,5
10395,Fashion,Lenovo,84563.65,16,71033.47,1,71033.47,3.5,14986,Central,Hyderabad,Credit Card,Returned,Prime,Regular,Amazon App,Tablet,New,Marketplace,Not Returned,Poor,Summer,No Promotion,Non-Prime,Female,6
10396,Beauty,Sony,29834.12,47,15812.08,7,110684.56,3.0,11628,North,Hyderabad,Net Banking,Returned,Standard,New,Amazon App,Tablet,Renewed,Marketplace,Returned,Poor,Winter,Bank Offer,Prime,Female,6
10397,Toys,Philips,79189.54,7,73646.27,1,73646.27,4.3,38119,West,Kolkata,Net Banking,Cancelled,Prime,Premium,Mobile Web,Tablet,New,Amazon,Not Returned,Excellent,Monsoon,Coupon,Prime,Other,4
10398,Sports,Amazon Basics,10128.2,59,4152.56,3,12457.68,4.1,4553,East,Delhi,Credit Card,Shipped,Standard,Premium,Desktop Web,Mobile,New,Amazon,Not Returned,Average,Spring,Coupon,Non-Prime,Female,1
10399,Toys,Puma,82310.84,48,42801.64,6,256809.84,2.7,6518,North,Vijayawada,Amazon Pay,Processing,Express,VIP,Mobile Web,Mobile,New,Marketplace,Returned,Good,Monsoon,Lightning Deal,Prime,Other,3
10400,Electronics,Puma,67609.47,39,41241.78,6,247450.68,4.8,38491,North,Chennai,Cash on Delivery,Returned,Prime,New,Mobile Web,Tablet,Renewed,Amazon,Not Returned,Excellent,Summer,Festival Sale,Prime,Male,10
10401,Toys,Apple,8968.06,16,7533.17,7,52732.19,3.9,7946,East,Mumbai,Credit Card,Returned,Prime,Premium,Amazon App,Mobile,New,Marketplace,Not Returned,Good,Winter,Festival Sale,Non-Prime,Other,4
10402,Beauty,Nike,68370.4,24,51961.5,1,51961.5,3.1,610,North,Vijayawada,Debit Card,Shipped,Standard,VIP,Mobile Web,Desktop,New,Marketplace,Returned,Poor,Spring,Bank Offer,Non-Prime,Other,4
10403,Fashion,Sony,58134.82,40,34880.89,7,244166.23,3.0,4302,West,Kolkata,UPI,Returned,Prime,VIP,Amazon.in,Tablet,Renewed,Amazon,Returned,Good,Summer,Festival Sale,Prime,Other,4
10404,Electronics,Philips,59535.1,11,52986.24,2,105972.48,2.8,34311,Central,Hyderabad,Cash on Delivery,Cancelled,Same Day,Regular,Mobile Web,Desktop,Renewed,Amazon,Returned,Good,Summer,Coupon,Non-Prime,Other,5
10405,Toys,Lenovo,29227.22,28,21043.6,6,126261.6,3.6,34234,North,Mumbai,Debit Card,Cancelled,Express,VIP,Mobile Web,Desktop,Renewed,Marketplace,Returned,Average,Winter,Festival Sale,Prime,Male,9
10406,Beauty,Amazon Basics,26795.42,24,20364.52,8,162916.16,2.8,41876,West,Hyderabad,Cash on Delivery,Returned,Express,Premium,Mobile Web,Tablet,New,Marketplace,Returned,Excellent,Spring,Bank Offer,Prime,Male,4
10407,Sports,Sony,76300.0,50,38150.0,5,190750.0,3.5,14656,South,Chennai,Debit Card,Shipped,Prime,Regular,Mobile Web,Desktop,Renewed,Marketplace,Returned,Good,Winter,Coupon,Non-Prime,Male,9
10408,Toys,Philips,25828.99,35,16788.84,10,167888.4,2.9,39004,West,Delhi,UPI,Shipped,Prime,Regular,Desktop Web,Desktop,New,Marketplace,Not Returned,Good,Winter,Festival Sale,Non-Prime,Other,9
10409,Beauty,Samsung,44735.97,52,21473.27,3,64419.81,4.1,46487,Central,Vijayawada,UPI,Shipped,Same Day,Premium,Mobile Web,Desktop,New,Marketplace,Returned,Poor,Monsoon,Coupon,Prime,Male,1
10410,Sports,HP,69538.94,53,32683.3,8,261466.4,4.5,18656,West,Vijayawada,Net Banking,Delivered,Same Day,New,Amazon.in,Tablet,Renewed,Amazon,Returned,Poor,Monsoon,Lightning Deal,Prime,Female,5
10411,Fashion,Puma,8144.7,24,6189.97,8,49519.76,3.9,41811,East,Bengaluru,Amazon Pay,Returned,Prime,VIP,Amazon.in,Tablet,New,Marketplace,Not Returned,Good,Winter,Lightning Deal,Prime,Male,9
10412,Toys,Lenovo,59534.93,28,42865.15,4,171460.6,4.2,4536,Central,Mumbai,Debit Card,Shipped,Prime,Regular,Mobile Web,Desktop,New,Marketplace,Returned,Excellent,Monsoon,Lightning Deal,Non-Prime,Other,4
10413,Sports,Puma,59018.76,10,53116.88,8,424935.04,4.8,49871,South,Visakhapatnam,Net Banking,Cancelled,Same Day,New,Amazon App,Tablet,New,Marketplace,Not Returned,Good,Summer,Festival Sale,Prime,Female,5
10414,Electronics,Lenovo,68485.03,59,28078.86,5,140394.3,4.1,42974,East,Kolkata,Debit Card,Processing,Standard,Premium,Desktop Web,Tablet,New,Amazon,Returned,Good,Winter,Bank Offer,Non-Prime,Other,4
10415,Fashion,Apple,37117.82,3,36004.29,5,180021.45,3.4,19856,West,Visakhapatnam,Net Banking,Processing,Same Day,VIP,Mobile Web,Desktop,Renewed,Amazon,Returned,Average,Spring,Coupon,Prime,Female,2
10416,Electronics,Nike,45007.18,13,39156.25,3,117468.75,3.6,36410,Central,Bengaluru,UPI,Shipped,Standard,VIP,Mobile Web,Tablet,New,Marketplace,Not Returned,Excellent,Spring,No Promotion,Non-Prime,Other,10
10417,Books,Lenovo,33129.94,45,18221.47,7,127550.29,4.7,44830,South,Chennai,Cash on Delivery,Processing,Express,Regular,Mobile Web,Mobile,Renewed,Marketplace,Returned,Average,Summer,Lightning Deal,Prime,Other,2
10418,Home & Kitchen,Puma,80854.19,37,50938.14,9,458443.26,2.8,16447,East,Kolkata,Net Banking,Processing,Express,VIP,Amazon App,Tablet,New,Amazon,Not Returned,Excellent,Spring,Lightning Deal,Non-Prime,Female,2
10419,Toys,Apple,13233.95,60,5293.58,9,47642.22,3.3,45823,South,Delhi,Debit Card,Delivered,Same Day,VIP,Amazon App,Mobile,New,Amazon,Returned,Excellent,Spring,No Promotion,Prime,Male,1
10420,Sports,Lenovo,96301.8,16,80893.51,1,80893.51,3.9,33327,West,Visakhapatnam,Debit Card,Cancelled,Standard,VIP,Amazon App,Desktop,Renewed,Amazon,Returned,Excellent,Winter,No Promotion,Prime,Female,3
10421,Home & Kitchen,Samsung,63555.65,1,62920.09,1,62920.09,4.2,34501,South,Delhi,Amazon Pay,Cancelled,Same Day,VIP,Desktop Web,Tablet,New,Amazon,Not Returned,Average,Summer,Festival Sale,Prime,Female,10
10422,Home & Kitchen,Nike,88712.29,7,82502.43,10,825024.3,4.4,8861,North,Visakhapatnam,UPI,Delivered,Same Day,Premium,Amazon.in,Desktop,New,Marketplace,Returned,Average,Winter,Coupon,Prime,Female,1
10423,Sports,Lenovo,42736.9,35,27778.98,5,138894.9,3.3,20278,East,Delhi,Debit Card,Delivered,Standard,New,Desktop Web,Desktop,New,Amazon,Returned,Average,Summer,Lightning Deal,Non-Prime,Female,4
10424,Fashion,Apple,33360.45,9,30358.01,1,30358.01,2.9,1542,South,Visakhapatnam,Credit Card,Processing,Same Day,Premium,Amazon App,Desktop,New,Marketplace,Not Returned,Poor,Winter,Bank Offer,Non-Prime,Female,1
10425,Toys,Sony,90091.44,6,84685.95,4,338743.8,4.9,42231,West,Delhi,Cash on Delivery,Returned,Express,Premium,Amazon.in,Desktop,New,Marketplace,Returned,Average,Winter,Festival Sale,Non-Prime,Other,4
10426,Books,boAt,10066.53,35,6543.24,1,6543.24,2.7,2415,West,Bengaluru,Net Banking,Processing,Prime,Regular,Amazon.in,Desktop,New,Amazon,Not Returned,Poor,Monsoon,Festival Sale,Non-Prime,Other,3
10427,Electronics,Philips,11886.3,15,10103.36,2,20206.72,2.7,43751,South,Pune,Amazon Pay,Delivered,Prime,VIP,Amazon App,Tablet,Renewed,Amazon,Returned,Poor,Spring,Bank Offer,Non-Prime,Male,9
10428,Beauty,boAt,30073.81,13,26164.21,2,52328.42,3.7,12905,West,Kolkata,Cash on Delivery,Cancelled,Same Day,Premium,Amazon App,Mobile,Renewed,Amazon,Not Returned,Poor,Summer,Bank Offer,Prime,Male,1
10429,Electronics,boAt,95984.54,15,81586.86,4,326347.44,4.5,21601,Central,Mumbai,UPI,Processing,Standard,VIP,Desktop Web,Tablet,Renewed,Amazon,Returned,Good,Spring,Bank Offer,Non-Prime,Female,8
10430,Beauty,Amazon Basics,63379.25,24,48168.23,8,385345.84,4.4,38155,Central,Chennai,Amazon Pay,Returned,Standard,Premium,Amazon App,Tablet,New,Marketplace,Not Returned,Good,Monsoon,No Promotion,Non-Prime,Male,9
10431,Electronics,Samsung,55507.53,40,33304.52,2,66609.04,4.8,21563,Central,Warangal,Net Banking,Processing,Express,Premium,Amazon.in,Tablet,New,Marketplace,Not Returned,Good,Summer,Lightning Deal,Non-Prime,Male,7
10432,Sports,Sony,70593.56,3,68475.75,9,616281.75,2.9,40955,North,Hyderabad,Net Banking,Shipped,Standard,Regular,Mobile Web,Tablet,New,Marketplace,Returned,Poor,Monsoon,No Promotion,Non-Prime,Female,1
10433,Books,HP,41862.96,28,30141.33,9,271271.97,3.4,6643,South,Mumbai,Credit Card,Processing,Standard,New,Amazon App,Mobile,Renewed,Amazon,Returned,Poor,Spring,Lightning Deal,Prime,Other,4
10434,Toys,Lenovo,75854.74,55,34134.63,2,68269.26,3.2,48435,North,Hyderabad,UPI,Delivered,Express,New,Amazon App,Tablet,New,Marketplace,Not Returned,Excellent,Winter,No Promotion,Prime,Other,10
10435,Beauty,Philips,39443.42,5,37471.25,1,37471.25,4.7,24044,West,Kolkata,Amazon Pay,Cancelled,Same Day,Premium,Desktop Web,Desktop,Renewed,Amazon,Returned,Poor,Monsoon,Coupon,Prime,Male,1
10436,Toys,Nike,82670.05,0,82670.05,10,826700.5,3.7,11246,North,Mumbai,Amazon Pay,Cancelled,Prime,Regular,Desktop Web,Tablet,New,Marketplace,Not Returned,Good,Monsoon,Lightning Deal,Prime,Other,4
10437,Toys,Sony,26875.05,38,16662.53,10,166625.3,2.6,2458,West,Delhi,Debit Card,Delivered,Express,VIP,Amazon App,Tablet,New,Amazon,Returned,Poor,Winter,Festival Sale,Non-Prime,Other,3
10438,Toys,Puma,27898.16,0,27898.16,9,251083.44,4.3,6028,West,Delhi,Credit Card,Shipped,Same Day,VIP,Amazon.in,Mobile,New,Marketplace,Returned,Poor,Spring,Lightning Deal,Non-Prime,Male,2
10439,Grocery,HP,52332.85,50,26166.42,2,52332.84,3.5,38215,East,Warangal,Credit Card,Delivered,Express,Premium,Amazon.in,Mobile,Renewed,Marketplace,Not Returned,Excellent,Monsoon,Lightning Deal,Prime,Female,1
10440,Fashion,Amazon Basics,43188.96,39,26345.27,8,210762.16,3.8,34716,Central,Hyderabad,Amazon Pay,Processing,Same Day,New,Mobile Web,Desktop,New,Amazon,Not Returned,Poor,Spring,Lightning Deal,Prime,Male,6
10441,Electronics,Amazon Basics,64880.96,56,28547.62,3,85642.86,4.7,6306,West,Chennai,Amazon Pay,Delivered,Express,Regular,Amazon App,Tablet,Renewed,Marketplace,Returned,Average,Winter,Coupon,Non-Prime,Male,7
10442,Toys,Sony,36555.22,2,35824.12,1,35824.12,3.1,41019,East,Kolkata,Cash on Delivery,Delivered,Same Day,New,Desktop Web,Tablet,New,Marketplace,Returned,Excellent,Summer,No Promotion,Non-Prime,Male,6
10443,Electronics,Apple,23207.95,0,23207.95,1,23207.95,3.1,40860,Central,Delhi,Cash on Delivery,Shipped,Express,VIP,Amazon.in,Tablet,New,Amazon,Returned,Poor,Monsoon,Festival Sale,Prime,Female,9
10444,Toys,boAt,47085.89,0,47085.89,10,470858.9,3.2,27678,West,Pune,Cash on Delivery,Processing,Same Day,New,Mobile Web,Desktop,Renewed,Amazon,Returned,Poor,Spring,No Promotion,Prime,Female,9
10445,Beauty,Puma,56182.46,38,34833.13,2,69666.26,3.3,24908,West,Bengaluru,Credit Card,Returned,Express,VIP,Amazon App,Mobile,New,Amazon,Returned,Excellent,Winter,No Promotion,Prime,Female,2
10446,Fashion,Amazon Basics,14430.49,20,11544.39,7,80810.73,2.8,12363,North,Bengaluru,Debit Card,Returned,Prime,Regular,Amazon.in,Desktop,New,Amazon,Not Returned,Poor,Winter,Bank Offer,Prime,Female,2
10447,Fashion,Philips,55759.52,44,31225.33,6,187351.98,4.2,14066,North,Visakhapatnam,Net Banking,Cancelled,Prime,Regular,Amazon App,Tablet,New,Amazon,Returned,Good,Monsoon,Coupon,Non-Prime,Male,9
10448,Sports,Amazon Basics,32060.82,29,22763.18,2,45526.36,3.0,48897,Central,Chennai,Cash on Delivery,Delivered,Standard,Premium,Amazon App,Mobile,New,Marketplace,Returned,Average,Summer,Bank Offer,Non-Prime,Other,1
10449,Grocery,Nike,39365.7,31,27162.33,4,108649.32,4.8,48544,West,Bengaluru,Debit Card,Cancelled,Same Day,Premium,Amazon.in,Mobile,Renewed,Amazon,Not Returned,Average,Monsoon,Coupon,Non-Prime,Male,5
10450,Sports,Lenovo,28074.95,32,19090.97,2,38181.94,3.0,32711,South,Visakhapatnam,UPI,Shipped,Express,New,Amazon.in,Desktop,Renewed,Marketplace,Not Returned,Good,Spring,No Promotion,Prime,Female,1
10451,Sports,Amazon Basics,93153.75,47,49371.49,1,49371.49,3.1,189,North,Hyderabad,Cash on Delivery,Returned,Same Day,Regular,Amazon.in,Mobile,New,Marketplace,Not Returned,Poor,Winter,No Promotion,Non-Prime,Other,7
10452,Sports,Nike,68395.96,21,54032.81,3,162098.43,3.2,11752,Central,Delhi,Net Banking,Delivered,Prime,Regular,Amazon App,Mobile,New,Amazon,Returned,Poor,Summer,Coupon,Non-Prime,Male,9
10453,Sports,Sony,26392.54,29,18738.7,4,74954.8,4.4,7482,West,Delhi,UPI,Shipped,Same Day,Premium,Amazon App,Tablet,Renewed,Marketplace,Not Returned,Average,Spring,No Promotion,Prime,Other,6
10454,Sports,Sony,64573.13,53,30349.37,10,303493.7,3.6,16679,West,Pune,UPI,Shipped,Express,VIP,Mobile Web,Tablet,New,Marketplace,Not Returned,Poor,Monsoon,No Promotion,Prime,Female,2
10455,Books,HP,84886.53,45,46687.59,5,233437.95,4.5,24552,South,Mumbai,Net Banking,Delivered,Same Day,New,Desktop Web,Mobile,Renewed,Amazon,Not Returned,Average,Winter,Festival Sale,Prime,Other,6
10456,Fashion,Amazon Basics,40281.69,3,39073.24,5,195366.2,4.5,799,Central,Bengaluru,Cash on Delivery,Shipped,Express,New,Amazon App,Mobile,New,Marketplace,Not Returned,Average,Monsoon,Bank Offer,Prime,Other,9
10457,Sports,Philips,83028.76,22,64762.43,7,453337.01,4.8,25381,West,Hyderabad,Credit Card,Delivered,Prime,Premium,Desktop Web,Desktop,Renewed,Amazon,Returned,Good,Summer,Bank Offer,Prime,Female,3
10458,Toys,Amazon Basics,15609.61,54,7180.42,10,71804.2,4.4,9934,North,Vijayawada,Net Banking,Delivered,Prime,Regular,Amazon.in,Desktop,Renewed,Amazon,Returned,Average,Summer,Bank Offer,Prime,Other,9
10459,Fashion,Philips,82312.58,43,46918.17,8,375345.36,2.6,19084,South,Bengaluru,Net Banking,Processing,Prime,Premium,Amazon App,Mobile,Renewed,Amazon,Returned,Poor,Summer,Lightning Deal,Non-Prime,Male,8
10460,Fashion,Samsung,54120.37,24,41131.48,9,370183.32,4.6,41556,Central,Chennai,Net Banking,Cancelled,Standard,Premium,Mobile Web,Tablet,Renewed,Marketplace,Not Returned,Poor,Summer,Festival Sale,Non-Prime,Other,7
10461,Home & Kitchen,HP,22451.85,11,19982.15,7,139875.05,4.8,9909,South,Mumbai,UPI,Shipped,Prime,Premium,Mobile Web,Mobile,New,Marketplace,Not Returned,Excellent,Summer,Bank Offer,Non-Prime,Male,8
10462,Books,Samsung,40831.71,16,34298.64,5,171493.2,5.0,25931,North,Bengaluru,Debit Card,Shipped,Same Day,Premium,Desktop Web,Mobile,New,Marketplace,Not Returned,Poor,Monsoon,Bank Offer,Non-Prime,Other,10
10463,Sports,Amazon Basics,98800.7,52,47424.34,9,426819.06,2.8,45183,Central,Hyderabad,Credit Card,Processing,Standard,VIP,Amazon.in,Tablet,Renewed,Marketplace,Not Returned,Excellent,Summer,Festival Sale,Non-Prime,Other,6
10464,Electronics,HP,78397.89,14,67422.19,8,539377.52,4.0,25868,South,Bengaluru,Cash on Delivery,Processing,Prime,VIP,Desktop Web,Tablet,Renewed,Amazon,Not Returned,Average,Summer,No Promotion,Non-Prime,Female,3
10465,Beauty,Samsung,57592.62,9,52409.28,10,524092.8,3.0,43558,East,Chennai,Cash on Delivery,Processing,Same Day,Regular,Amazon.in,Desktop,Renewed,Marketplace,Not Returned,Poor,Winter,Bank Offer,Prime,Female,7
10466,Grocery,boAt,11692.36,34,7716.96,9,69452.64,3.2,13846,North,Vijayawada,Debit Card,Returned,Same Day,Premium,Mobile Web,Desktop,Renewed,Amazon,Returned,Good,Summer,No Promotion,Prime,Male,4
10467,Toys,Amazon Basics,41896.6,54,19272.44,10,192724.4,4.4,22257,North,Kolkata,Net Banking,Returned,Same Day,VIP,Desktop Web,Desktop,New,Marketplace,Returned,Good,Winter,Bank Offer,Prime,Female,10
10468,Electronics,Samsung,26451.54,51,12961.25,8,103690.0,4.9,28013,North,Warangal,Credit Card,Returned,Express,Regular,Mobile Web,Desktop,Renewed,Marketplace,Not Returned,Good,Winter,Coupon,Non-Prime,Female,5
10469,Books,boAt,7284.91,51,3569.61,6,21417.66,4.0,37482,East,Vijayawada,Cash on Delivery,Delivered,Standard,Premium,Mobile Web,Tablet,Renewed,Marketplace,Returned,Average,Winter,Lightning Deal,Non-Prime,Female,8
10470,Beauty,boAt,54311.0,28,39103.92,4,156415.68,4.6,22875,East,Visakhapatnam,Amazon Pay,Shipped,Same Day,New,Amazon.in,Mobile,Renewed,Marketplace,Not Returned,Average,Monsoon,Bank Offer,Prime,Female,7
10471,Books,Sony,88939.73,11,79156.36,9,712407.24,2.5,24717,West,Bengaluru,Cash on Delivery,Cancelled,Express,VIP,Desktop Web,Desktop,Renewed,Marketplace,Not Returned,Excellent,Monsoon,Coupon,Prime,Female,7
10472,Toys,Amazon Basics,67623.87,0,67623.87,9,608614.83,2.6,11408,South,Delhi,Net Banking,Delivered,Prime,Regular,Desktop Web,Desktop,Renewed,Amazon,Returned,Good,Spring,Festival Sale,Prime,Male,8
10473,Fashion,boAt,25117.1,0,25117.1,10,251171.0,4.0,35607,West,Pune,Amazon Pay,Shipped,Same Day,New,Mobile Web,Tablet,Renewed,Marketplace,Not Returned,Excellent,Spring,Coupon,Prime,Male,10
10474,Beauty,Sony,57442.74,9,52272.89,10,522728.9,3.5,36281,South,Delhi,Debit Card,Shipped,Express,Premium,Mobile Web,Tablet,Renewed,Marketplace,Returned,Excellent,Winter,Festival Sale,Prime,Female,3
10475,Fashion,Samsung,94333.78,17,78297.04,9,704673.36,4.7,27326,East,Vijayawada,Credit Card,Processing,Same Day,Premium,Amazon.in,Mobile,New,Marketplace,Not Returned,Poor,Monsoon,Bank Offer,Non-Prime,Female,3
10476,Toys,Nike,72345.92,46,39066.8,10,390668.0,3.3,13601,East,Delhi,Debit Card,Processing,Standard,Premium,Amazon App,Mobile,Renewed,Marketplace,Not Returned,Poor,Summer,Festival Sale,Non-Prime,Male,2
10477,Electronics,Amazon Basics,69008.5,1,68318.41,3,204955.23,3.6,1135,West,Hyderabad,Debit Card,Delivered,Standard,VIP,Amazon App,Tablet,Renewed,Amazon,Returned,Good,Spring,Coupon,Non-Prime,Other,1
10478,Toys,HP,96821.18,48,50347.01,3,151041.03,3.8,22741,Central,Delhi,Credit Card,Processing,Prime,Regular,Mobile Web,Desktop,Renewed,Marketplace,Not Returned,Average,Monsoon,Lightning Deal,Prime,Male,10
10479,Electronics,Philips,79926.56,7,74331.7,6,445990.2,3.2,11913,West,Mumbai,Credit Card,Shipped,Same Day,New,Amazon App,Desktop,New,Amazon,Not Returned,Poor,Summer,No Promotion,Non-Prime,Other,6
10480,Beauty,Philips,13834.03,21,10928.88,6,65573.28,4.8,10101,South,Kolkata,Cash on Delivery,Processing,Express,Regular,Amazon App,Desktop,New,Marketplace,Not Returned,Average,Summer,No Promotion,Prime,Female,6
10481,Beauty,Samsung,34892.98,21,27565.45,6,165392.7,3.7,18631,West,Bengaluru,Cash on Delivery,Returned,Prime,VIP,Amazon App,Mobile,New,Amazon,Returned,Excellent,Monsoon,Lightning Deal,Non-Prime,Female,10
10482,Sports,Apple,96520.04,25,72390.03,5,361950.15,3.6,6548,North,Delhi,Credit Card,Processing,Same Day,Regular,Amazon App,Desktop,Renewed,Amazon,Not Returned,Excellent,Spring,No Promotion,Prime,Male,8
10483,Books,Apple,49071.6,25,36803.7,5,184018.5,4.6,37284,South,Chennai,Amazon Pay,Shipped,Prime,VIP,Mobile Web,Desktop,Renewed,Amazon,Not Returned,Excellent,Monsoon,Bank Offer,Prime,Female,6
10484,Sports,Samsung,11340.42,8,10433.19,2,20866.38,3.3,36870,South,Kolkata,UPI,Delivered,Express,Premium,Amazon App,Tablet,Renewed,Amazon,Not Returned,Excellent,Spring,Bank Offer,Non-Prime,Other,6
10485,Books,boAt,45967.77,20,36774.22,7,257419.54,4.5,48985,Central,Kolkata,Cash on Delivery,Cancelled,Prime,New,Amazon App,Desktop,New,Amazon,Returned,Good,Winter,Coupon,Non-Prime,Other,1
10486,Sports,Amazon Basics,69758.92,30,48831.24,4,195324.96,2.8,27215,East,Delhi,UPI,Processing,Prime,Premium,Amazon.in,Tablet,Renewed,Marketplace,Returned,Excellent,Monsoon,Coupon,Non-Prime,Male,7
10487,Fashion,Philips,99754.31,51,48879.61,3,146638.83,3.0,37279,South,Kolkata,Amazon Pay,Shipped,Prime,Regular,Mobile Web,Desktop,New,Amazon,Returned,Poor,Monsoon,Festival Sale,Non-Prime,Other,7
10488,Beauty,Philips,32524.75,42,18864.36,8,150914.88,4.9,19215,East,Pune,Credit Card,Cancelled,Same Day,Premium,Desktop Web,Mobile,New,Marketplace,Returned,Excellent,Spring,Coupon,Non-Prime,Male,10
10489,Electronics,boAt,51504.87,5,48929.63,4,195718.52,4.6,25582,West,Delhi,Amazon Pay,Cancelled,Express,New,Desktop Web,Desktop,New,Amazon,Returned,Average,Spring,Bank Offer,Prime,Male,9
10490,Books,Philips,87991.13,55,39596.01,4,158384.04,3.5,14024,North,Hyderabad,Cash on Delivery,Returned,Standard,Premium,Amazon.in,Desktop,New,Amazon,Not Returned,Poor,Monsoon,Coupon,Non-Prime,Other,7
10491,Toys,HP,35654.67,13,31019.56,8,248156.48,4.1,11413,Central,Vijayawada,Debit Card,Cancelled,Same Day,New,Amazon.in,Tablet,New,Marketplace,Returned,Average,Summer,No Promotion,Non-Prime,Other,8
10492,Books,Amazon Basics,11103.3,32,7550.24,1,7550.24,4.9,16319,East,Mumbai,Credit Card,Shipped,Standard,New,Mobile Web,Tablet,Renewed,Amazon,Returned,Average,Summer,Festival Sale,Prime,Other,4
10493,Electronics,Lenovo,94902.8,6,89208.63,9,802877.67,3.0,19446,South,Warangal,Net Banking,Shipped,Standard,Premium,Desktop Web,Tablet,Renewed,Amazon,Not Returned,Good,Summer,Festival Sale,Non-Prime,Other,9
10494,Sports,Philips,48945.39,23,37687.95,7,263815.65,2.6,45483,East,Visakhapatnam,UPI,Processing,Same Day,VIP,Amazon App,Desktop,New,Amazon,Returned,Good,Winter,Bank Offer,Prime,Other,1
10495,Books,Samsung,50376.81,8,46346.67,2,92693.34,3.8,40743,South,Kolkata,Amazon Pay,Processing,Same Day,Regular,Amazon.in,Desktop,Renewed,Amazon,Not Returned,Average,Winter,Coupon,Non-Prime,Other,8
10496,Grocery,HP,62194.77,10,55975.29,6,335851.74,2.9,32036,East,Hyderabad,Credit Card,Processing,Express,VIP,Desktop Web,Mobile,Renewed,Marketplace,Returned,Average,Spring,No Promotion,Non-Prime,Other,3
10497,Fashion,Philips,551.96,55,248.38,8,1987.04,3.0,12621,South,Bengaluru,Amazon Pay,Cancelled,Express,VIP,Mobile Web,Desktop,New,Amazon,Not Returned,Excellent,Winter,Coupon,Prime,Female,1
10498,Beauty,HP,93125.89,22,72638.19,5,363190.95,4.7,10511,West,Bengaluru,Credit Card,Cancelled,Prime,Premium,Amazon App,Mobile,New,Amazon,Not Returned,Poor,Summer,Lightning Deal,Non-Prime,Male,2
10499,Electronics,Sony,36271.82,47,19224.06,6,115344.36,2.5,19923,South,Visakhapatnam,Cash on Delivery,Returned,Standard,Regular,Mobile Web,Tablet,Renewed,Marketplace,Returned,Excellent,Monsoon,Coupon,Non-Prime,Male,6
10500,Beauty,Lenovo,39812.8,50,19906.4,10,199064.0,4.5,10558,South,Mumbai,Cash on Delivery,Processing,Express,Regular,Amazon.in,Tablet,Renewed,Marketplace,Returned,Good,Winter,Bank Offer,Non-Prime,Other,5
10501,Grocery,Puma,17575.1,1,17399.35,8,139194.8,3.8,32235,North,Kolkata,Cash on Delivery,Delivered,Prime,VIP,Desktop Web,Tablet,Renewed,Amazon,Not Returned,Good,Winter,Coupon,Non-Prime,Male,3
10502,Books,Samsung,37938.53,14,32627.14,6,195762.84,3.9,526,South,Pune,Amazon Pay,Returned,Express,Premium,Desktop Web,Mobile,Renewed,Amazon,Not Returned,Excellent,Summer,Festival Sale,Prime,Other,9
10503,Books,Samsung,80432.56,34,53085.49,9,477769.41,4.2,1753,North,Visakhapatnam,Net Banking,Delivered,Same Day,Regular,Desktop Web,Desktop,New,Marketplace,Not Returned,Poor,Winter,No Promotion,Prime,Female,8
10504,Toys,Amazon Basics,80038.17,35,52024.81,9,468223.29,3.6,26248,Central,Mumbai,Cash on Delivery,Cancelled,Express,VIP,Desktop Web,Tablet,Renewed,Amazon,Not Returned,Average,Spring,Bank Offer,Non-Prime,Male,3
10505,Grocery,HP,93591.52,51,45859.84,9,412738.56,2.8,14656,North,Kolkata,Credit Card,Returned,Standard,Regular,Amazon App,Desktop,New,Marketplace,Not Returned,Excellent,Monsoon,Lightning Deal,Non-Prime,Male,2
10506,Electronics,boAt,40441.3,53,19007.41,6,114044.46,2.8,23266,West,Hyderabad,Cash on Delivery,Returned,Express,Premium,Amazon App,Desktop,New,Amazon,Not Returned,Good,Summer,No Promotion,Prime,Female,8
10507,Toys,Samsung,70929.41,27,51778.47,9,466006.23,4.4,10220,North,Vijayawada,Debit Card,Shipped,Standard,Premium,Mobile Web,Tablet,Renewed,Marketplace,Not Returned,Poor,Spring,No Promotion,Prime,Female,5
10508,Fashion,HP,50821.31,38,31509.21,3,94527.63,3.1,18038,Central,Pune,Cash on Delivery,Cancelled,Same Day,Premium,Amazon App,Mobile,Renewed,Marketplace,Returned,Good,Summer,Festival Sale,Non-Prime,Female,9
10509,Toys,HP,80440.47,43,45851.07,5,229255.35,2.6,12741,West,Warangal,Amazon Pay,Cancelled,Standard,Regular,Amazon.in,Desktop,Renewed,Marketplace,Not Returned,Poor,Spring,Festival Sale,Prime,Male,1
10510,Home & Kitchen,Nike,71310.69,3,69171.37,2,138342.74,4.9,4841,East,Bengaluru,Net Banking,Returned,Express,New,Amazon.in,Tablet,New,Amazon,Returned,Poor,Monsoon,Festival Sale,Prime,Male,10
10511,Electronics,Nike,36915.71,9,33593.3,8,268746.4,5.0,36809,East,Chennai,Debit Card,Cancelled,Prime,Regular,Desktop Web,Desktop,New,Amazon,Returned,Poor,Monsoon,Bank Offer,Prime,Female,3
10512,Home & Kitchen,Puma,33799.05,5,32109.1,4,128436.4,3.4,30575,North,Hyderabad,Amazon Pay,Returned,Same Day,New,Amazon.in,Desktop,New,Amazon,Not Returned,Excellent,Spring,Coupon,Prime,Female,5
10513,Grocery,Sony,25392.76,56,11172.81,6,67036.86,2.6,41733,North,Bengaluru,Amazon Pay,Shipped,Express,Premium,Mobile Web,Desktop,New,Amazon,Not Returned,Excellent,Spring,No Promotion,Non-Prime,Female,2
10514,Sports,Puma,57735.28,29,40992.05,6,245952.3,4.3,14418,Central,Delhi,Amazon Pay,Returned,Same Day,VIP,Amazon App,Desktop,Renewed,Marketplace,Returned,Excellent,Spring,Coupon,Prime,Female,3
10515,Home & Kitchen,Philips,96390.52,53,45303.54,5,226517.7,4.6,37185,Central,Chennai,Credit Card,Cancelled,Same Day,New,Amazon App,Desktop,New,Marketplace,Not Returned,Poor,Spring,Coupon,Non-Prime,Female,4
10516,Fashion,boAt,20165.66,45,11091.11,1,11091.11,2.8,41745,South,Bengaluru,Amazon Pay,Cancelled,Express,Premium,Amazon App,Mobile,New,Marketplace,Not Returned,Poor,Spring,Festival Sale,Non-Prime,Other,4
10517,Toys,Philips,9705.19,34,6405.43,7,44838.01,2.8,27881,Central,Mumbai,Credit Card,Returned,Express,Premium,Amazon.in,Mobile,Renewed,Amazon,Returned,Good,Spring,Coupon,Prime,Female,9
10518,Sports,Apple,12115.18,48,6299.89,10,62998.9,4.6,14587,South,Pune,Amazon Pay,Returned,Prime,New,Amazon App,Tablet,New,Amazon,Returned,Average,Monsoon,No Promotion,Non-Prime,Other,1
10519,Toys,Philips,78352.25,42,45444.31,8,363554.48,4.8,22268,West,Bengaluru,UPI,Returned,Same Day,VIP,Desktop Web,Mobile,New,Amazon,Returned,Excellent,Spring,No Promotion,Non-Prime,Male,9
10520,Home & Kitchen,Amazon Basics,35139.46,9,31976.91,1,31976.91,4.5,448,North,Warangal,Debit Card,Processing,Same Day,Premium,Desktop Web,Mobile,Renewed,Marketplace,Not Returned,Poor,Winter,Lightning Deal,Prime,Male,9
10521,Toys,Philips,22590.81,57,9714.05,10,97140.5,3.0,37353,West,Vijayawada,UPI,Cancelled,Express,New,Desktop Web,Mobile,New,Amazon,Not Returned,Good,Monsoon,Bank Offer,Prime,Other,6
10522,Grocery,Puma,35412.84,60,14165.14,7,99155.98,3.5,45519,Central,Mumbai,Amazon Pay,Cancelled,Standard,VIP,Amazon.in,Desktop,New,Amazon,Returned,Good,Summer,Coupon,Prime,Female,1
10523,Sports,Samsung,64603.02,52,31009.45,4,124037.8,4.0,8108,West,Hyderabad,Debit Card,Processing,Express,VIP,Amazon App,Desktop,New,Marketplace,Not Returned,Good,Monsoon,Bank Offer,Non-Prime,Male,6
10524,Grocery,Samsung,54768.36,31,37790.17,6,226741.02,2.9,48302,West,Hyderabad,Debit Card,Returned,Same Day,Premium,Amazon.in,Tablet,New,Marketplace,Returned,Excellent,Summer,Bank Offer,Non-Prime,Female,8
10525,Home & Kitchen,Nike,74409.22,41,43901.44,9,395112.96,3.0,11443,West,Hyderabad,Net Banking,Shipped,Express,Regular,Amazon App,Tablet,Renewed,Amazon,Not Returned,Excellent,Summer,Bank Offer,Non-Prime,Female,5
10526,Grocery,boAt,34038.6,41,20082.77,5,100413.85,3.2,22435,Central,Hyderabad,UPI,Returned,Prime,Regular,Mobile Web,Tablet,New,Marketplace,Returned,Average,Winter,Bank Offer,Non-Prime,Other,5
10527,Fashion,boAt,45311.45,2,44405.22,8,355241.76,3.8,33062,West,Vijayawada,Net Banking,Returned,Standard,Premium,Mobile Web,Desktop,Renewed,Amazon,Not Returned,Good,Spring,No Promotion,Prime,Male,1
10528,Home & Kitchen,Amazon Basics,10375.44,55,4668.95,5,23344.75,3.8,1238,South,Bengaluru,Debit Card,Processing,Express,VIP,Amazon.in,Mobile,New,Marketplace,Returned,Excellent,Spring,Coupon,Non-Prime,Male,1
10529,Home & Kitchen,Puma,7490.25,25,5617.69,2,11235.38,4.5,15321,Central,Kolkata,Credit Card,Cancelled,Prime,Premium,Desktop Web,Mobile,Renewed,Marketplace,Not Returned,Good,Monsoon,Lightning Deal,Prime,Other,8
10530,Home & Kitchen,Nike,46332.07,14,39845.58,4,159382.32,4.4,16074,West,Bengaluru,Debit Card,Returned,Same Day,New,Amazon.in,Desktop,Renewed,Marketplace,Not Returned,Poor,Spring,Bank Offer,Prime,Female,5
10531,Electronics,Apple,30298.34,16,25450.61,2,50901.22,4.8,13049,Central,Delhi,Net Banking,Cancelled,Express,Regular,Desktop Web,Tablet,Renewed,Amazon,Returned,Good,Winter,Lightning Deal,Prime,Female,8
10532,Toys,boAt,61356.5,26,45403.81,7,317826.67,4.6,35584,East,Pune,UPI,Delivered,Same Day,New,Amazon App,Tablet,New,Amazon,Not Returned,Average,Monsoon,No Promotion,Prime,Male,10
10533,Electronics,Samsung,4490.62,17,3727.21,7,26090.47,3.1,1098,South,Chennai,Amazon Pay,Cancelled,Prime,Premium,Desktop Web,Tablet,New,Amazon,Not Returned,Excellent,Monsoon,No Promotion,Non-Prime,Other,2
10534,Electronics,Philips,12351.28,50,6175.64,3,18526.92,3.3,14679,West,Kolkata,Amazon Pay,Shipped,Same Day,Premium,Desktop Web,Desktop,New,Marketplace,Returned,Poor,Monsoon,Festival Sale,Prime,Other,4
10535,Fashion,Philips,86545.04,18,70966.93,7,496768.51,3.8,34505,East,Kolkata,UPI,Shipped,Prime,VIP,Amazon App,Tablet,Renewed,Marketplace,Not Returned,Excellent,Spring,Bank Offer,Non-Prime,Female,10
10536,Sports,Nike,56716.9,11,50478.04,1,50478.04,2.5,35533,East,Bengaluru,Amazon Pay,Returned,Prime,VIP,Mobile Web,Tablet,New,Marketplace,Not Returned,Poor,Spring,Festival Sale,Prime,Female,9
10537,Toys,Puma,71262.04,23,54871.77,1,54871.77,4.8,46998,Central,Kolkata,Amazon Pay,Cancelled,Prime,VIP,Amazon App,Desktop,New,Marketplace,Not Returned,Good,Spring,Lightning Deal,Prime,Other,3
10538,Grocery,Puma,84227.82,4,80858.71,9,727728.39,2.6,11434,East,Visakhapatnam,Net Banking,Returned,Express,New,Amazon.in,Mobile,New,Amazon,Returned,Good,Monsoon,Coupon,Prime,Male,6
10539,Books,Sony,46489.67,23,35797.05,6,214782.3,3.3,44859,South,Visakhapatnam,UPI,Processing,Same Day,VIP,Amazon.in,Desktop,New,Amazon,Returned,Average,Monsoon,Festival Sale,Non-Prime,Female,7
10540,Home & Kitchen,Lenovo,76152.83,26,56353.09,5,281765.45,3.9,33178,South,Delhi,Cash on Delivery,Shipped,Same Day,Premium,Amazon.in,Desktop,Renewed,Amazon,Returned,Average,Summer,No Promotion,Prime,Other,3
10541,Grocery,boAt,52552.64,47,27852.9,6,167117.4,3.8,27575,North,Chennai,Credit Card,Returned,Standard,VIP,Amazon.in,Desktop,Renewed,Marketplace,Returned,Poor,Summer,Bank Offer,Prime,Other,1
10542,Home & Kitchen,Puma,22429.33,29,15924.82,6,95548.92,4.1,19329,South,Warangal,Credit Card,Processing,Standard,Regular,Amazon.in,Desktop,New,Marketplace,Returned,Average,Spring,Lightning Deal,Prime,Other,2
10543,Fashion,Samsung,33897.09,14,29151.5,1,29151.5,3.8,37554,East,Vijayawada,Amazon Pay,Returned,Standard,VIP,Mobile Web,Mobile,New,Amazon,Not Returned,Average,Monsoon,No Promotion,Prime,Male,10
10544,Home & Kitchen,Nike,49135.97,46,26533.42,5,132667.1,3.1,41837,South,Bengaluru,Credit Card,Cancelled,Standard,New,Mobile Web,Tablet,New,Marketplace,Not Returned,Average,Spring,Coupon,Non-Prime,Female,7
10545,Electronics,Apple,31824.18,58,13366.16,9,120295.44,3.0,49938,Central,Vijayawada,UPI,Cancelled,Same Day,Regular,Desktop Web,Desktop,Renewed,Amazon,Returned,Average,Spring,Bank Offer,Non-Prime,Female,7
10546,Toys,Sony,33684.66,37,21221.34,4,84885.36,4.8,18493,North,Warangal,UPI,Cancelled,Prime,Regular,Amazon.in,Mobile,New,Marketplace,Not Returned,Good,Summer,Coupon,Prime,Female,1
10547,Books,HP,33870.8,43,19306.36,3,57919.08,3.2,21830,East,Bengaluru,Debit Card,Cancelled,Prime,Regular,Amazon App,Tablet,Renewed,Marketplace,Not Returned,Average,Winter,Coupon,Prime,Male,10
10548,Beauty,Amazon Basics,12458.43,33,8347.15,1,8347.15,3.2,38603,North,Bengaluru,Debit Card,Delivered,Express,New,Amazon.in,Tablet,Renewed,Amazon,Not Returned,Good,Spring,Bank Offer,Non-Prime,Female,7
10549,Home & Kitchen,Apple,8646.33,26,6398.28,2,12796.56,3.5,34754,East,Chennai,Credit Card,Processing,Prime,Premium,Mobile Web,Tablet,New,Amazon,Not Returned,Good,Winter,Bank Offer,Non-Prime,Female,10
10550,Grocery,HP,4839.3,19,3919.83,3,11759.49,2.8,8126,Central,Vijayawada,Cash on Delivery,Processing,Same Day,VIP,Amazon.in,Desktop,New,Marketplace,Returned,Excellent,Winter,Coupon,Non-Prime,Female,6
10551,Electronics,Philips,11272.43,40,6763.46,4,27053.84,3.8,41838,North,Visakhapatnam,Debit Card,Cancelled,Same Day,Regular,Mobile Web,Desktop,New,Amazon,Returned,Good,Monsoon,Lightning Deal,Prime,Female,6
10552,Beauty,Amazon Basics,34500.97,31,23805.67,7,166639.69,4.2,40068,West,Hyderabad,Debit Card,Delivered,Same Day,Regular,Desktop Web,Tablet,Renewed,Amazon,Not Returned,Good,Monsoon,Bank Offer,Non-Prime,Male,7
10553,Books,boAt,59467.41,3,57683.39,6,346100.34,4.5,22093,East,Vijayawada,UPI,Cancelled,Express,Regular,Desktop Web,Tablet,Renewed,Marketplace,Not Returned,Average,Spring,No Promotion,Prime,Other,7
10554,Beauty,Samsung,18976.06,4,18217.02,8,145736.16,4.3,48316,West,Pune,Cash on Delivery,Delivered,Standard,Premium,Desktop Web,Tablet,New,Marketplace,Returned,Good,Summer,Festival Sale,Non-Prime,Other,1
10555,Electronics,Amazon Basics,88822.28,52,42634.69,9,383712.21,2.9,35171,North,Pune,Amazon Pay,Cancelled,Prime,Premium,Mobile Web,Tablet,Renewed,Marketplace,Not Returned,Poor,Summer,Lightning Deal,Non-Prime,Female,10
10556,Toys,Lenovo,80875.57,57,34776.5,6,208659.0,3.6,8262,West,Bengaluru,Credit Card,Shipped,Same Day,New,Amazon.in,Tablet,New,Amazon,Not Returned,Average,Spring,Bank Offer,Prime,Female,5
10557,Toys,HP,52147.61,7,48497.28,7,339480.96,2.6,43270,West,Hyderabad,Debit Card,Shipped,Same Day,Premium,Amazon.in,Tablet,New,Marketplace,Not Returned,Average,Spring,Bank Offer,Non-Prime,Female,8
10558,Sports,boAt,72475.14,21,57255.36,4,229021.44,2.5,20785,North,Mumbai,Cash on Delivery,Returned,Standard,VIP,Amazon App,Mobile,Renewed,Marketplace,Returned,Average,Summer,Lightning Deal,Prime,Male,8
10559,Toys,Lenovo,36758.59,41,21687.57,2,43375.14,3.6,39469,Central,Warangal,Cash on Delivery,Cancelled,Same Day,New,Mobile Web,Tablet,Renewed,Marketplace,Returned,Excellent,Winter,Festival Sale,Non-Prime,Female,3
10560,Sports,Philips,3869.42,6,3637.25,9,32735.25,3.1,3295,West,Delhi,Credit Card,Processing,Prime,New,Amazon App,Desktop,Renewed,Marketplace,Not Returned,Average,Spring,Coupon,Prime,Male,3
10561,Beauty,Lenovo,90451.42,21,71456.62,9,643109.58,4.2,15687,West,Hyderabad,Cash on Delivery,Returned,Express,VIP,Desktop Web,Desktop,Renewed,Marketplace,Not Returned,Good,Winter,No Promotion,Non-Prime,Female,7
10562,Fashion,Sony,12952.79,45,7124.03,4,28496.12,4.3,45643,Central,Delhi,Cash on Delivery,Shipped,Same Day,VIP,Amazon.in,Desktop,New,Amazon,Not Returned,Poor,Spring,Bank Offer,Non-Prime,Female,4
10563,Grocery,Sony,94803.15,29,67310.24,3,201930.72,4.7,2121,West,Vijayawada,Cash on Delivery,Cancelled,Prime,VIP,Mobile Web,Tablet,New,Marketplace,Not Returned,Average,Spring,Festival Sale,Prime,Other,6
10564,Grocery,Nike,57272.88,36,36654.64,10,366546.4,4.4,3582,West,Vijayawada,Debit Card,Returned,Same Day,New,Amazon App,Desktop,New,Marketplace,Not Returned,Average,Winter,No Promotion,Prime,Female,9
10565,Beauty,Apple,30694.19,15,26090.06,6,156540.36,2.6,47245,West,Delhi,Credit Card,Cancelled,Standard,New,Amazon App,Mobile,Renewed,Amazon,Not Returned,Poor,Winter,Lightning Deal,Prime,Male,10
10566,Home & Kitchen,Apple,49652.36,14,42701.03,3,128103.09,3.4,30280,South,Warangal,Cash on Delivery,Shipped,Same Day,New,Amazon App,Tablet,New,Marketplace,Returned,Average,Summer,Bank Offer,Prime,Other,2
10567,Home & Kitchen,boAt,50261.65,4,48251.18,1,48251.18,3.2,42589,Central,Hyderabad,Cash on Delivery,Returned,Same Day,VIP,Amazon.in,Desktop,Renewed,Marketplace,Returned,Excellent,Spring,Coupon,Non-Prime,Male,2
10568,Toys,Philips,2523.05,2,2472.59,4,9890.36,3.5,38468,West,Mumbai,Debit Card,Shipped,Express,VIP,Amazon.in,Mobile,Renewed,Amazon,Not Returned,Good,Monsoon,Lightning Deal,Non-Prime,Other,6
10569,Grocery,Puma,35673.89,22,27825.63,1,27825.63,2.9,40000,Central,Bengaluru,Credit Card,Delivered,Standard,Regular,Amazon.in,Mobile,Renewed,Marketplace,Returned,Poor,Monsoon,Bank Offer,Non-Prime,Male,3
10570,Grocery,Sony,74037.61,60,29615.04,2,59230.08,2.7,37056,East,Chennai,UPI,Shipped,Standard,Premium,Mobile Web,Desktop,New,Amazon,Not Returned,Poor,Spring,Festival Sale,Non-Prime,Other,1
10571,Sports,boAt,51103.91,9,46504.56,3,139513.68,3.8,31672,East,Vijayawada,Debit Card,Cancelled,Express,Regular,Amazon.in,Mobile,Renewed,Marketplace,Not Returned,Excellent,Spring,No Promotion,Non-Prime,Male,2
10572,Fashion,Puma,24573.17,4,23590.24,8,188721.92,4.3,1085,West,Pune,Credit Card,Processing,Same Day,VIP,Mobile Web,Desktop,Renewed,Amazon,Returned,Good,Spring,No Promotion,Non-Prime,Male,7
10573,Electronics,Apple,33642.96,22,26241.51,10,262415.1,4.3,15891,Central,Warangal,Cash on Delivery,Shipped,Prime,New,Amazon App,Mobile,Renewed,Amazon,Returned,Excellent,Winter,Bank Offer,Prime,Female,4
10574,Home & Kitchen,Nike,86331.83,14,74245.37,4,296981.48,3.6,15600,Central,Chennai,Credit Card,Processing,Standard,VIP,Amazon App,Tablet,Renewed,Marketplace,Not Returned,Good,Monsoon,Lightning Deal,Non-Prime,Other,2
10575,Grocery,Lenovo,52648.86,17,43698.55,4,174794.2,3.8,32458,Central,Mumbai,Credit Card,Delivered,Standard,Premium,Desktop Web,Tablet,Renewed,Amazon,Not Returned,Excellent,Monsoon,Coupon,Non-Prime,Other,8
10576,Sports,Sony,52928.54,24,40225.69,10,402256.9,3.8,8645,South,Kolkata,Amazon Pay,Returned,Same Day,Regular,Amazon.in,Tablet,Renewed,Amazon,Returned,Average,Monsoon,Festival Sale,Prime,Female,4
10577,Books,boAt,96153.45,7,89422.71,9,804804.39,4.2,41578,East,Bengaluru,Credit Card,Returned,Same Day,Regular,Amazon App,Tablet,Renewed,Marketplace,Returned,Excellent,Spring,Bank Offer,Non-Prime,Male,4
10578,Sports,Amazon Basics,32222.96,30,22556.07,7,157892.49,2.6,41596,Central,Vijayawada,UPI,Processing,Standard,New,Amazon.in,Tablet,Renewed,Marketplace,Not Returned,Poor,Winter,Festival Sale,Non-Prime,Male,2
10579,Home & Kitchen,Puma,48057.2,20,38445.76,2,76891.52,4.3,4874,Central,Bengaluru,Credit Card,Returned,Same Day,Regular,Mobile Web,Desktop,Renewed,Amazon,Not Returned,Poor,Spring,No Promotion,Non-Prime,Other,1
10580,Home & Kitchen,Lenovo,81208.02,1,80395.94,3,241187.82,4.0,13767,South,Chennai,UPI,Shipped,Prime,Regular,Amazon App,Tablet,Renewed,Marketplace,Not Returned,Poor,Summer,Coupon,Prime,Male,1
10581,Sports,Sony,75938.44,21,59991.37,4,239965.48,3.0,26825,South,Bengaluru,Cash on Delivery,Processing,Standard,VIP,Amazon.in,Tablet,Renewed,Amazon,Returned,Excellent,Summer,Festival Sale,Prime,Other,3
10582,Electronics,Apple,26725.78,7,24854.98,4,99419.92,2.6,10913,Central,Kolkata,UPI,Cancelled,Prime,Regular,Amazon App,Tablet,Renewed,Amazon,Not Returned,Poor,Monsoon,Bank Offer,Non-Prime,Other,6
10583,Beauty,Philips,15277.89,22,11916.75,10,119167.5,2.8,16215,North,Chennai,Cash on Delivery,Shipped,Prime,Regular,Amazon App,Tablet,New,Marketplace,Returned,Poor,Spring,Coupon,Prime,Male,7
10584,Home & Kitchen,Puma,70129.32,31,48389.23,8,387113.84,3.8,18733,Central,Vijayawada,Cash on Delivery,Shipped,Same Day,Regular,Amazon.in,Mobile,New,Marketplace,Not Returned,Average,Summer,Lightning Deal,Non-Prime,Male,9
10585,Sports,Apple,25913.09,7,24099.17,10,240991.7,4.4,14332,Central,Hyderabad,UPI,Shipped,Prime,New,Amazon App,Tablet,Renewed,Amazon,Returned,Average,Summer,Bank Offer,Non-Prime,Male,5
10586,Grocery,Sony,92282.05,3,89513.59,10,895135.9,3.3,4432,South,Pune,Debit Card,Cancelled,Same Day,New,Amazon App,Tablet,Renewed,Marketplace,Returned,Good,Spring,Festival Sale,Non-Prime,Female,9
10587,Sports,Puma,13097.92,29,9299.52,6,55797.12,3.4,22559,South,Chennai,Net Banking,Delivered,Express,VIP,Amazon App,Desktop,Renewed,Marketplace,Returned,Good,Winter,Coupon,Prime,Other,8
10588,Fashion,Lenovo,31966.86,18,26212.83,3,78638.49,4.8,26570,Central,Visakhapatnam,Credit Card,Returned,Same Day,Regular,Amazon App,Mobile,New,Amazon,Returned,Good,Spring,Bank Offer,Non-Prime,Male,1
10589,Beauty,Sony,5666.77,22,4420.08,9,39780.72,3.0,40033,Central,Kolkata,Amazon Pay,Processing,Prime,New,Mobile Web,Desktop,New,Amazon,Not Returned,Excellent,Spring,Coupon,Non-Prime,Female,3
10590,Books,HP,70388.87,17,58422.76,10,584227.6,2.8,6103,Central,Chennai,Net Banking,Delivered,Express,New,Amazon App,Tablet,New,Amazon,Returned,Good,Winter,Coupon,Non-Prime,Male,8
10591,Electronics,boAt,89147.01,52,42790.56,8,342324.48,3.4,43780,South,Chennai,Credit Card,Processing,Same Day,VIP,Desktop Web,Desktop,Renewed,Amazon,Returned,Excellent,Monsoon,Coupon,Non-Prime,Other,9
10592,Toys,Lenovo,63659.28,28,45834.68,9,412512.12,4.4,15900,Central,Visakhapatnam,Credit Card,Returned,Prime,Premium,Amazon App,Desktop,Renewed,Amazon,Returned,Excellent,Monsoon,Festival Sale,Non-Prime,Female,4
10593,Books,Puma,93786.75,22,73153.67,5,365768.35,4.1,2031,Central,Vijayawada,Cash on Delivery,Cancelled,Standard,Regular,Amazon.in,Tablet,Renewed,Amazon,Not Returned,Good,Monsoon,Bank Offer,Prime,Other,6
10594,Beauty,Philips,13023.7,32,8856.12,3,26568.36,3.5,17633,West,Chennai,Credit Card,Shipped,Standard,New,Desktop Web,Mobile,Renewed,Marketplace,Not Returned,Good,Winter,No Promotion,Non-Prime,Male,4
10595,Beauty,Apple,8954.85,51,4387.88,4,17551.52,4.9,23192,North,Pune,Amazon Pay,Shipped,Same Day,VIP,Mobile Web,Mobile,New,Amazon,Not Returned,Excellent,Summer,No Promotion,Prime,Male,9
10596,Beauty,Amazon Basics,83872.59,46,45291.2,5,226456.0,4.3,19940,East,Bengaluru,Credit Card,Cancelled,Same Day,VIP,Desktop Web,Desktop,Renewed,Marketplace,Not Returned,Average,Winter,Festival Sale,Non-Prime,Male,2
10597,Books,Apple,85579.02,17,71030.59,9,639275.31,2.7,41287,North,Vijayawada,UPI,Delivered,Standard,VIP,Desktop Web,Tablet,New,Marketplace,Not Returned,Poor,Spring,Festival Sale,Prime,Female,6
10598,Grocery,Puma,83136.74,53,39074.27,9,351668.43,4.4,8988,West,Pune,Net Banking,Delivered,Prime,New,Desktop Web,Desktop,New,Amazon,Not Returned,Poor,Winter,Coupon,Non-Prime,Female,3
10599,Beauty,Apple,79935.7,43,45563.35,3,136690.05,2.6,38067,East,Vijayawada,UPI,Processing,Prime,Regular,Amazon.in,Desktop,Renewed,Marketplace,Returned,Poor,Summer,Bank Offer,Non-Prime,Female,10
10600,Sports,boAt,36349.39,32,24717.59,7,173023.13,4.1,12952,Central,Pune,Amazon Pay,Cancelled,Prime,Premium,Amazon.in,Desktop,New,Amazon,Returned,Average,Summer,Bank Offer,Prime,Female,4
10601,Books,Sony,21901.72,6,20587.62,6,123525.72,3.0,27369,West,Kolkata,Credit Card,Delivered,Same Day,Regular,Amazon.in,Tablet,New,Marketplace,Returned,Excellent,Spring,Lightning Deal,Prime,Male,2
10602,Toys,Amazon Basics,92893.64,50,46446.82,4,185787.28,4.2,35862,Central,Pune,Amazon Pay,Cancelled,Express,VIP,Mobile Web,Tablet,New,Amazon,Not Returned,Good,Monsoon,Lightning Deal,Non-Prime,Male,8
10603,Beauty,Samsung,30837.62,27,22511.46,5,112557.3,3.3,2977,South,Delhi,Cash on Delivery,Returned,Express,VIP,Amazon.in,Mobile,New,Amazon,Returned,Excellent,Summer,No Promotion,Prime,Male,10
10604,Sports,Puma,39960.09,0,39960.09,10,399600.9,4.7,38493,West,Pune,UPI,Shipped,Express,Premium,Amazon.in,Tablet,Renewed,Amazon,Returned,Excellent,Summer,Lightning Deal,Prime,Female,8
10605,Grocery,Nike,70014.98,55,31506.74,2,63013.48,3.3,1268,South,Hyderabad,UPI,Shipped,Express,Regular,Desktop Web,Desktop,Renewed,Amazon,Not Returned,Good,Summer,Lightning Deal,Non-Prime,Female,1
10606,Fashion,Samsung,29475.94,38,18275.08,7,127925.56,4.0,48929,West,Hyderabad,Debit Card,Shipped,Express,VIP,Amazon.in,Desktop,New,Marketplace,Returned,Average,Spring,No Promotion,Non-Prime,Male,10
10607,Grocery,Apple,81948.2,33,54905.29,4,219621.16,3.2,16756,West,Warangal,Credit Card,Cancelled,Same Day,VIP,Amazon App,Mobile,Renewed,Marketplace,Not Returned,Poor,Summer,No Promotion,Non-Prime,Male,6
10608,Toys,Puma,7188.46,38,4456.85,2,8913.7,4.8,20764,South,Delhi,Cash on Delivery,Cancelled,Same Day,Regular,Amazon.in,Tablet,New,Marketplace,Returned,Poor,Monsoon,Lightning Deal,Non-Prime,Female,1
10609,Beauty,HP,79159.03,18,64910.4,6,389462.4,4.5,40385,East,Delhi,UPI,Processing,Express,VIP,Mobile Web,Desktop,Renewed,Marketplace,Not Returned,Excellent,Spring,Bank Offer,Non-Prime,Other,6
10610,Toys,Nike,60263.76,30,42184.63,2,84369.26,3.1,15032,North,Bengaluru,UPI,Shipped,Same Day,Regular,Mobile Web,Mobile,Renewed,Marketplace,Not Returned,Average,Monsoon,Lightning Deal,Prime,Male,7
10611,Books,Amazon Basics,57383.77,12,50497.72,10,504977.2,4.9,29478,Central,Delhi,Cash on Delivery,Processing,Same Day,VIP,Amazon App,Mobile,Renewed,Amazon,Not Returned,Poor,Summer,Coupon,Non-Prime,Male,2
10612,Home & Kitchen,Philips,45945.03,56,20215.81,2,40431.62,3.4,45702,West,Bengaluru,Amazon Pay,Shipped,Express,Regular,Mobile Web,Desktop,Renewed,Amazon,Returned,Average,Summer,Coupon,Prime,Male,9
10613,Beauty,HP,27848.15,23,21443.08,7,150101.56,4.1,11885,Central,Warangal,Amazon Pay,Processing,Prime,Premium,Mobile Web,Desktop,Renewed,Amazon,Returned,Good,Monsoon,Coupon,Non-Prime,Female,8
10614,Home & Kitchen,Samsung,46513.21,4,44652.68,1,44652.68,4.4,9796,South,Warangal,Credit Card,Processing,Same Day,VIP,Desktop Web,Tablet,New,Amazon,Not Returned,Excellent,Spring,Festival Sale,Non-Prime,Male,9
10615,Sports,Sony,45111.85,22,35187.24,7,246310.68,2.6,39047,Central,Kolkata,Debit Card,Returned,Prime,Premium,Amazon App,Mobile,Renewed,Amazon,Not Returned,Excellent,Spring,Coupon,Prime,Male,10
10616,Fashion,boAt,58457.67,18,47935.29,10,479352.9,4.9,32863,South,Hyderabad,UPI,Processing,Same Day,VIP,Desktop Web,Desktop,New,Marketplace,Returned,Average,Monsoon,Bank Offer,Non-Prime,Male,4
10617,Electronics,Philips,28300.11,0,28300.11,5,141500.55,3.4,15478,Central,Pune,Debit Card,Cancelled,Same Day,VIP,Desktop Web,Mobile,New,Amazon,Returned,Poor,Summer,Festival Sale,Prime,Male,4
10618,Toys,HP,7943.04,32,5401.27,1,5401.27,3.0,32117,North,Pune,Amazon Pay,Processing,Express,New,Amazon.in,Tablet,Renewed,Amazon,Not Returned,Average,Winter,Festival Sale,Prime,Male,8
10619,Grocery,Sony,14678.93,58,6165.15,6,36990.9,4.6,20753,North,Visakhapatnam,Amazon Pay,Shipped,Same Day,Regular,Amazon App,Desktop,New,Marketplace,Returned,Good,Monsoon,Coupon,Prime,Other,1
10620,Fashion,Sony,69976.91,49,35688.22,7,249817.54,4.3,20325,North,Visakhapatnam,Net Banking,Processing,Standard,Premium,Amazon.in,Tablet,Renewed,Marketplace,Returned,Poor,Monsoon,Lightning Deal,Non-Prime,Other,8
10621,Beauty,Puma,2443.73,55,1099.68,1,1099.68,2.7,7021,North,Mumbai,Credit Card,Delivered,Standard,Premium,Amazon.in,Mobile,New,Amazon,Returned,Poor,Monsoon,No Promotion,Non-Prime,Male,7
10622,Home & Kitchen,HP,85672.02,32,58256.97,9,524312.73,2.8,15185,North,Vijayawada,Net Banking,Shipped,Express,Premium,Desktop Web,Tablet,New,Amazon,Not Returned,Average,Summer,Lightning Deal,Non-Prime,Male,7
10623,Grocery,Amazon Basics,69499.85,31,47954.9,7,335684.3,4.3,5868,North,Kolkata,Net Banking,Delivered,Prime,Regular,Mobile Web,Tablet,Renewed,Marketplace,Not Returned,Good,Spring,Lightning Deal,Non-Prime,Male,9
10624,Home & Kitchen,Apple,76854.04,58,32278.7,1,32278.7,2.7,13071,South,Mumbai,Net Banking,Shipped,Prime,New,Amazon App,Mobile,Renewed,Amazon,Returned,Poor,Summer,Festival Sale,Non-Prime,Male,10
10625,Books,Nike,83630.25,27,61050.08,3,183150.24,4.8,8041,West,Mumbai,Credit Card,Cancelled,Prime,Premium,Mobile Web,Tablet,Renewed,Amazon,Not Returned,Excellent,Monsoon,Festival Sale,Non-Prime,Female,7
10626,Home & Kitchen,Nike,12445.5,36,7965.12,5,39825.6,4.4,16515,Central,Chennai,Credit Card,Cancelled,Standard,Regular,Desktop Web,Mobile,Renewed,Amazon,Returned,Good,Summer,Festival Sale,Prime,Female,2
10627,Books,Samsung,82279.62,40,49367.77,4,197471.08,3.3,44075,North,Chennai,Cash on Delivery,Cancelled,Prime,VIP,Desktop Web,Desktop,New,Marketplace,Returned,Poor,Summer,Bank Offer,Non-Prime,Female,1
10628,Sports,Samsung,50562.32,11,45000.46,2,90000.92,3.4,40058,South,Mumbai,Debit Card,Delivered,Prime,Premium,Desktop Web,Mobile,Renewed,Amazon,Not Returned,Average,Monsoon,Bank Offer,Non-Prime,Other,1
10629,Grocery,Nike,88574.28,8,81488.34,1,81488.34,3.8,48263,South,Delhi,Debit Card,Returned,Express,Premium,Desktop Web,Mobile,New,Amazon,Not Returned,Poor,Summer,No Promotion,Non-Prime,Male,7
10630,Grocery,Amazon Basics,88680.34,49,45226.97,4,180907.88,3.4,25966,South,Vijayawada,Cash on Delivery,Shipped,Prime,New,Desktop Web,Desktop,New,Marketplace,Not Returned,Excellent,Winter,Festival Sale,Non-Prime,Female,5
10631,Electronics,boAt,2611.97,54,1201.51,7,8410.57,4.5,39284,West,Kolkata,Cash on Delivery,Cancelled,Standard,Premium,Desktop Web,Mobile,New,Marketplace,Returned,Good,Summer,Coupon,Prime,Male,4
10632,Beauty,Lenovo,38408.95,10,34568.06,4,138272.24,4.9,42109,Central,Mumbai,Amazon Pay,Shipped,Standard,Premium,Mobile Web,Desktop,New,Marketplace,Returned,Poor,Summer,Festival Sale,Prime,Male,5
10633,Books,Apple,52733.6,32,35858.85,9,322729.65,4.0,44470,West,Pune,Net Banking,Delivered,Standard,VIP,Amazon.in,Desktop,New,Amazon,Not Returned,Excellent,Spring,Bank Offer,Prime,Other,10
10634,Electronics,boAt,67899.34,18,55677.46,8,445419.68,3.6,22290,East,Vijayawada,Cash on Delivery,Returned,Express,Regular,Mobile Web,Mobile,New,Marketplace,Not Returned,Poor,Spring,Festival Sale,Prime,Other,10
10635,Home & Kitchen,Puma,28760.39,53,13517.38,8,108139.04,3.1,30702,South,Chennai,UPI,Delivered,Express,Regular,Amazon App,Tablet,Renewed,Amazon,Not Returned,Poor,Monsoon,Bank Offer,Prime,Female,6
10636,Home & Kitchen,Lenovo,25362.8,56,11159.63,5,55798.15,4.1,28223,East,Pune,Debit Card,Shipped,Same Day,New,Mobile Web,Tablet,New,Marketplace,Returned,Good,Monsoon,Festival Sale,Non-Prime,Female,10
10637,Electronics,Lenovo,38249.32,41,22567.1,1,22567.1,4.2,33575,North,Chennai,Cash on Delivery,Returned,Prime,VIP,Desktop Web,Desktop,New,Amazon,Returned,Average,Spring,Coupon,Prime,Other,6
10638,Grocery,HP,50192.68,33,33629.1,9,302661.9,4.2,45799,North,Chennai,UPI,Returned,Express,Regular,Mobile Web,Tablet,New,Marketplace,Returned,Average,Winter,No Promotion,Prime,Other,1
10639,Home & Kitchen,Amazon Basics,95123.39,6,89415.99,2,178831.98,2.6,49202,West,Vijayawada,UPI,Delivered,Standard,VIP,Amazon.in,Tablet,Renewed,Amazon,Not Returned,Excellent,Summer,Coupon,Non-Prime,Male,2
10640,Toys,Amazon Basics,76257.42,30,53380.19,6,320281.14,4.7,44168,Central,Chennai,UPI,Cancelled,Standard,Regular,Amazon App,Mobile,Renewed,Amazon,Not Returned,Excellent,Winter,Bank Offer,Non-Prime,Male,3
10641,Sports,Lenovo,43045.25,51,21092.17,10,210921.7,3.3,21661,East,Warangal,Amazon Pay,Shipped,Express,VIP,Mobile Web,Desktop,New,Marketplace,Returned,Excellent,Winter,Lightning Deal,Prime,Female,4
10642,Sports,HP,5624.74,1,5568.49,5,27842.45,4.4,16439,Central,Hyderabad,Amazon Pay,Processing,Express,New,Amazon.in,Desktop,Renewed,Marketplace,Not Returned,Good,Spring,Coupon,Non-Prime,Female,6
10643,Toys,Apple,17017.36,18,13954.24,10,139542.4,4.4,36432,West,Warangal,UPI,Processing,Express,Premium,Mobile Web,Mobile,New,Amazon,Not Returned,Average,Monsoon,Festival Sale,Non-Prime,Other,9
10644,Electronics,Lenovo,45700.26,37,28791.16,8,230329.28,4.1,33511,North,Hyderabad,Amazon Pay,Delivered,Same Day,New,Amazon App,Tablet,Renewed,Marketplace,Not Returned,Excellent,Summer,No Promotion,Prime,Female,2
10645,Toys,Philips,81418.82,31,56178.99,3,168536.97,3.5,31147,Central,Visakhapatnam,Net Banking,Shipped,Standard,Regular,Mobile Web,Desktop,New,Amazon,Not Returned,Excellent,Monsoon,Festival Sale,Non-Prime,Male,8
10646,Books,Samsung,38192.41,9,34755.09,6,208530.54,4.0,29114,Central,Visakhapatnam,UPI,Shipped,Same Day,New,Desktop Web,Tablet,Renewed,Marketplace,Returned,Poor,Winter,Festival Sale,Prime,Other,9
10647,Books,Samsung,53940.97,40,32364.58,6,194187.48,2.6,6030,North,Chennai,Net Banking,Delivered,Same Day,Premium,Mobile Web,Desktop,Renewed,Marketplace,Not Returned,Poor,Winter,Coupon,Prime,Male,2
10648,Electronics,boAt,89201.13,7,82957.05,10,829570.5,4.4,24515,East,Kolkata,Net Banking,Shipped,Prime,New,Amazon.in,Desktop,Renewed,Amazon,Returned,Excellent,Monsoon,No Promotion,Non-Prime,Other,9
10649,Toys,Puma,91395.87,25,68546.9,3,205640.7,2.7,47429,North,Kolkata,UPI,Cancelled,Standard,Regular,Mobile Web,Desktop,New,Marketplace,Returned,Poor,Monsoon,Lightning Deal,Prime,Other,7
10650,Books,Samsung,21733.34,29,15430.67,7,108014.69,3.5,47743,Central,Hyderabad,Debit Card,Delivered,Standard,Regular,Amazon.in,Desktop,New,Marketplace,Not Returned,Poor,Spring,Festival Sale,Prime,Male,9
10651,Grocery,Sony,4549.77,10,4094.79,4,16379.16,2.8,30333,East,Pune,UPI,Cancelled,Express,New,Amazon App,Tablet,New,Amazon,Returned,Poor,Monsoon,No Promotion,Non-Prime,Female,6
10652,Toys,boAt,30678.97,40,18407.38,5,92036.9,4.6,79,East,Vijayawada,UPI,Shipped,Express,Premium,Mobile Web,Tablet,Renewed,Amazon,Returned,Good,Monsoon,Lightning Deal,Non-Prime,Female,2
10653,Grocery,Samsung,69640.07,19,56408.46,9,507676.14,3.9,47577,North,Chennai,Amazon Pay,Delivered,Prime,New,Amazon App,Tablet,Renewed,Marketplace,Not Returned,Excellent,Spring,Festival Sale,Non-Prime,Female,8
10654,Books,Puma,95120.0,59,38999.2,6,233995.2,4.2,29048,Central,Vijayawada,UPI,Shipped,Same Day,Premium,Amazon App,Tablet,New,Amazon,Returned,Excellent,Monsoon,No Promotion,Non-Prime,Female,10
10655,Sports,Amazon Basics,7886.79,19,6388.3,10,63883.0,4.2,44900,West,Warangal,Debit Card,Delivered,Express,VIP,Mobile Web,Mobile,Renewed,Marketplace,Returned,Poor,Winter,Coupon,Prime,Male,9
10656,Books,Amazon Basics,3041.68,8,2798.35,4,11193.4,4.6,2966,Central,Kolkata,Amazon Pay,Shipped,Express,Premium,Amazon.in,Desktop,New,Marketplace,Returned,Good,Monsoon,Festival Sale,Non-Prime,Other,8
10657,Grocery,Apple,88436.89,7,82246.31,8,657970.48,2.8,48302,South,Delhi,Credit Card,Cancelled,Standard,VIP,Amazon App,Desktop,New,Amazon,Returned,Poor,Summer,Festival Sale,Non-Prime,Male,2
10658,Fashion,Lenovo,74863.9,59,30694.2,9,276247.8,4.1,3728,West,Warangal,Credit Card,Cancelled,Standard,New,Amazon App,Desktop,New,Amazon,Returned,Good,Winter,No Promotion,Prime,Female,8
10659,Beauty,Philips,99225.41,14,85333.85,10,853338.5,3.9,37304,East,Warangal,Net Banking,Shipped,Express,Premium,Mobile Web,Mobile,New,Amazon,Returned,Excellent,Spring,Festival Sale,Prime,Female,3
10660,Home & Kitchen,Amazon Basics,39798.93,33,26665.28,5,133326.4,2.6,49277,West,Hyderabad,Net Banking,Delivered,Standard,VIP,Mobile Web,Tablet,Renewed,Amazon,Returned,Poor,Winter,Lightning Deal,Prime,Male,3
10661,Toys,HP,41720.88,23,32125.08,2,64250.16,3.0,38581,East,Bengaluru,Debit Card,Processing,Prime,VIP,Mobile Web,Desktop,Renewed,Amazon,Returned,Excellent,Spring,Festival Sale,Prime,Other,9
10662,Fashion,Samsung,17395.72,32,11829.09,6,70974.54,3.2,24794,East,Warangal,Cash on Delivery,Cancelled,Express,VIP,Mobile Web,Tablet,Renewed,Amazon,Not Returned,Good,Summer,Bank Offer,Non-Prime,Male,9
10663,Books,HP,11760.55,40,7056.33,8,56450.64,2.7,947,West,Chennai,Credit Card,Cancelled,Standard,Regular,Mobile Web,Tablet,New,Marketplace,Not Returned,Average,Summer,Lightning Deal,Non-Prime,Male,9
10664,Sports,Puma,57955.06,40,34773.04,5,173865.2,3.4,12565,East,Mumbai,Net Banking,Processing,Prime,New,Desktop Web,Mobile,Renewed,Marketplace,Not Returned,Good,Winter,No Promotion,Prime,Male,4
10665,Electronics,Amazon Basics,36554.64,44,20470.6,1,20470.6,2.6,15844,East,Mumbai,Credit Card,Shipped,Standard,VIP,Mobile Web,Mobile,New,Amazon,Returned,Average,Monsoon,Lightning Deal,Prime,Other,7
10666,Books,Philips,8214.58,39,5010.89,8,40087.12,3.9,594,South,Chennai,Debit Card,Delivered,Standard,Premium,Amazon.in,Tablet,New,Marketplace,Returned,Excellent,Winter,Bank Offer,Prime,Male,8
10667,Sports,Puma,88720.31,26,65653.03,9,590877.27,3.0,21414,Central,Bengaluru,Debit Card,Shipped,Standard,VIP,Amazon App,Desktop,New,Marketplace,Returned,Excellent,Winter,Bank Offer,Prime,Male,5
10668,Beauty,Sony,19994.98,20,15995.98,1,15995.98,3.2,30690,Central,Bengaluru,Cash on Delivery,Returned,Express,Regular,Amazon.in,Desktop,New,Marketplace,Not Returned,Poor,Summer,Festival Sale,Non-Prime,Female,1
10669,Books,Sony,74907.72,4,71911.41,8,575291.28,4.8,16524,South,Hyderabad,Cash on Delivery,Cancelled,Same Day,New,Amazon.in,Mobile,New,Marketplace,Not Returned,Average,Spring,Festival Sale,Prime,Male,9
10670,Grocery,HP,28365.41,60,11346.16,10,113461.6,3.8,27469,West,Kolkata,Amazon Pay,Returned,Standard,Regular,Desktop Web,Mobile,New,Amazon,Not Returned,Good,Winter,Coupon,Non-Prime,Female,6
10671,Electronics,Lenovo,81326.9,34,53675.75,2,107351.5,3.2,19439,North,Vijayawada,Debit Card,Cancelled,Prime,Regular,Mobile Web,Mobile,Renewed,Marketplace,Returned,Excellent,Monsoon,Lightning Deal,Prime,Female,3
10672,Sports,boAt,12015.0,20,9612.0,4,38448.0,4.0,26206,North,Bengaluru,Net Banking,Cancelled,Express,Regular,Amazon App,Mobile,Renewed,Marketplace,Not Returned,Average,Summer,Coupon,Non-Prime,Female,3
10673,Sports,Lenovo,75654.95,3,73385.3,2,146770.6,3.0,46785,North,Delhi,Credit Card,Returned,Express,Premium,Amazon.in,Mobile,Renewed,Amazon,Not Returned,Good,Winter,Bank Offer,Non-Prime,Other,10
10674,Sports,Apple,9991.26,48,5195.46,2,10390.92,2.7,36973,South,Hyderabad,UPI,Returned,Prime,New,Mobile Web,Mobile,Renewed,Amazon,Returned,Average,Winter,Festival Sale,Non-Prime,Female,1
10675,Beauty,Lenovo,44801.2,47,23744.64,10,237446.4,2.6,21555,South,Visakhapatnam,Cash on Delivery,Shipped,Standard,New,Mobile Web,Mobile,New,Amazon,Not Returned,Good,Monsoon,Festival Sale,Non-Prime,Male,8
10676,Books,Apple,73452.63,15,62434.74,3,187304.22,4.9,7782,East,Pune,UPI,Returned,Same Day,Premium,Desktop Web,Desktop,New,Amazon,Returned,Good,Winter,Festival Sale,Prime,Male,2
10677,Beauty,Apple,17486.19,56,7693.92,8,61551.36,4.3,2660,North,Visakhapatnam,Net Banking,Shipped,Standard,New,Desktop Web,Mobile,Renewed,Marketplace,Not Returned,Good,Winter,No Promotion,Non-Prime,Female,1
10678,Toys,Philips,28708.37,30,20095.86,4,80383.44,4.5,48781,West,Hyderabad,Cash on Delivery,Shipped,Prime,Regular,Desktop Web,Mobile,Renewed,Amazon,Returned,Good,Winter,Bank Offer,Prime,Female,7
10679,Home & Kitchen,Amazon Basics,86502.75,25,64877.06,7,454139.42,5.0,39624,West,Warangal,UPI,Shipped,Express,New,Amazon App,Desktop,Renewed,Marketplace,Returned,Average,Winter,Festival Sale,Non-Prime,Male,9
10680,Home & Kitchen,Philips,88533.91,51,43381.62,10,433816.2,4.8,6089,North,Vijayawada,Net Banking,Cancelled,Same Day,Premium,Amazon.in,Desktop,Renewed,Marketplace,Returned,Average,Monsoon,Bank Offer,Non-Prime,Female,6
10681,Toys,Apple,4683.56,34,3091.15,3,9273.45,4.3,5318,North,Pune,Credit Card,Cancelled,Express,Regular,Desktop Web,Tablet,Renewed,Amazon,Returned,Poor,Winter,Festival Sale,Prime,Other,8
10682,Books,Puma,16974.44,5,16125.72,10,161257.2,4.2,26605,North,Visakhapatnam,Net Banking,Returned,Prime,Premium,Desktop Web,Mobile,Renewed,Amazon,Returned,Average,Winter,Lightning Deal,Prime,Female,8
10683,Grocery,Sony,11922.7,32,8107.44,3,24322.32,3.3,29400,South,Pune,Amazon Pay,Cancelled,Standard,VIP,Desktop Web,Mobile,Renewed,Amazon,Not Returned,Average,Winter,Bank Offer,Non-Prime,Other,9
10684,Beauty,Apple,18132.37,20,14505.9,2,29011.8,2.8,15405,South,Delhi,Cash on Delivery,Returned,Same Day,Regular,Amazon.in,Mobile,Renewed,Amazon,Returned,Poor,Summer,Coupon,Non-Prime,Other,7
10685,Electronics,Philips,97023.73,15,82470.17,6,494821.02,3.9,30209,South,Delhi,Debit Card,Cancelled,Express,Regular,Amazon.in,Mobile,New,Amazon,Returned,Average,Monsoon,No Promotion,Prime,Other,9
10686,Sports,Puma,55254.19,46,29837.26,6,179023.56,3.9,8062,Central,Delhi,Credit Card,Delivered,Express,New,Desktop Web,Tablet,New,Amazon,Returned,Good,Summer,Coupon,Non-Prime,Female,9
10687,Sports,Philips,46916.62,38,29088.3,1,29088.3,4.9,17424,West,Hyderabad,UPI,Delivered,Express,Regular,Desktop Web,Desktop,New,Marketplace,Returned,Excellent,Summer,Bank Offer,Prime,Other,1
10688,Books,Lenovo,98448.84,33,65960.72,7,461725.04,3.6,41274,West,Vijayawada,Cash on Delivery,Returned,Standard,Premium,Mobile Web,Desktop,New,Marketplace,Not Returned,Excellent,Monsoon,Festival Sale,Prime,Other,6
10689,Grocery,Samsung,55783.22,41,32912.1,4,131648.4,4.2,23987,East,Hyderabad,Debit Card,Cancelled,Same Day,New,Desktop Web,Mobile,Renewed,Marketplace,Returned,Poor,Summer,Bank Offer,Prime,Female,8
10690,Home & Kitchen,HP,66178.57,56,29118.57,3,87355.71,3.9,44419,South,Mumbai,Net Banking,Cancelled,Standard,VIP,Amazon App,Mobile,New,Marketplace,Not Returned,Average,Summer,No Promotion,Non-Prime,Other,10
10691,Home & Kitchen,boAt,33409.5,59,13697.9,8,109583.2,2.9,20556,Central,Warangal,Debit Card,Shipped,Standard,Premium,Amazon App,Mobile,Renewed,Amazon,Returned,Average,Summer,Bank Offer,Non-Prime,Female,9
10692,Sports,Philips,38334.06,14,32967.29,2,65934.58,4.0,27601,Central,Warangal,Cash on Delivery,Processing,Standard,VIP,Desktop Web,Tablet,New,Amazon,Returned,Poor,Monsoon,Festival Sale,Prime,Male,4
10693,Books,boAt,59521.06,5,56545.01,9,508905.09,3.9,19330,West,Delhi,Cash on Delivery,Returned,Prime,VIP,Amazon.in,Tablet,Renewed,Marketplace,Not Returned,Excellent,Winter,Coupon,Prime,Other,2
10694,Beauty,Nike,7163.62,1,7091.98,8,56735.84,3.7,15730,South,Mumbai,Amazon Pay,Processing,Prime,VIP,Mobile Web,Desktop,Renewed,Marketplace,Not Returned,Good,Spring,Lightning Deal,Prime,Female,9
10695,Home & Kitchen,Philips,25736.11,23,19816.8,8,158534.4,3.8,3236,East,Bengaluru,Amazon Pay,Processing,Prime,Regular,Amazon.in,Mobile,New,Marketplace,Not Returned,Average,Spring,Coupon,Prime,Male,9
10696,Beauty,Samsung,19840.81,55,8928.36,3,26785.08,2.9,3680,South,Bengaluru,Debit Card,Returned,Same Day,Premium,Desktop Web,Mobile,New,Amazon,Returned,Poor,Monsoon,Festival Sale,Non-Prime,Other,8
10697,Grocery,boAt,1785.16,48,928.28,4,3713.12,3.7,30312,North,Delhi,Net Banking,Cancelled,Standard,Premium,Amazon App,Mobile,Renewed,Amazon,Not Returned,Good,Spring,Festival Sale,Prime,Other,3
10698,Home & Kitchen,Apple,53781.75,27,39260.68,2,78521.36,4.0,48151,South,Visakhapatnam,Debit Card,Returned,Standard,Regular,Mobile Web,Mobile,Renewed,Amazon,Returned,Poor,Monsoon,No Promotion,Non-Prime,Female,5
10699,Home & Kitchen,Philips,56192.07,0,56192.07,2,112384.14,3.7,21191,North,Hyderabad,Cash on Delivery,Processing,Prime,New,Amazon.in,Tablet,Renewed,Marketplace,Not Returned,Poor,Monsoon,Bank Offer,Prime,Male,2
10700,Fashion,Amazon Basics,38516.13,0,38516.13,4,154064.52,3.7,44066,North,Delhi,Cash on Delivery,Cancelled,Standard,VIP,Amazon.in,Desktop,New,Marketplace,Not Returned,Poor,Spring,Bank Offer,Non-Prime,Female,3
10701,Home & Kitchen,HP,27018.0,27,19723.14,6,118338.84,2.7,17921,East,Kolkata,UPI,Delivered,Standard,Premium,Desktop Web,Desktop,New,Amazon,Returned,Excellent,Summer,Coupon,Non-Prime,Other,1
10702,Toys,Samsung,65274.58,35,42428.48,5,212142.4,3.0,36640,West,Pune,Amazon Pay,Returned,Express,Regular,Mobile Web,Tablet,Renewed,Amazon,Not Returned,Excellent,Winter,Lightning Deal,Non-Prime,Other,4
10703,Electronics,boAt,13637.98,19,11046.76,1,11046.76,3.3,34635,South,Warangal,UPI,Returned,Standard,VIP,Amazon App,Mobile,New,Marketplace,Not Returned,Poor,Spring,Lightning Deal,Non-Prime,Other,5
10704,Toys,Samsung,51956.78,47,27537.09,10,275370.9,3.5,48588,North,Bengaluru,Credit Card,Cancelled,Express,New,Desktop Web,Desktop,Renewed,Marketplace,Returned,Average,Spring,No Promotion,Non-Prime,Other,2
10705,Books,Puma,76852.78,7,71473.09,1,71473.09,4.0,36688,South,Chennai,Cash on Delivery,Delivered,Standard,New,Mobile Web,Desktop,New,Amazon,Returned,Good,Spring,Festival Sale,Prime,Male,3
10706,Books,HP,16595.94,0,16595.94,6,99575.64,4.7,5693,West,Bengaluru,UPI,Delivered,Same Day,VIP,Amazon.in,Tablet,New,Marketplace,Returned,Average,Spring,No Promotion,Prime,Male,6
10707,Beauty,Apple,75374.3,25,56530.73,3,169592.19,2.9,20266,West,Warangal,Debit Card,Cancelled,Prime,New,Desktop Web,Mobile,New,Amazon,Not Returned,Excellent,Monsoon,Bank Offer,Non-Prime,Female,6
10708,Toys,Philips,76126.29,50,38063.14,3,114189.42,2.5,43716,Central,Pune,Amazon Pay,Shipped,Express,Premium,Amazon.in,Desktop,New,Amazon,Not Returned,Good,Monsoon,Festival Sale,Prime,Female,7
10709,Toys,Philips,6179.68,42,3584.21,7,25089.47,3.6,26488,West,Warangal,Amazon Pay,Returned,Prime,Premium,Amazon.in,Mobile,New,Marketplace,Not Returned,Poor,Winter,No Promotion,Prime,Female,9
10710,Toys,Philips,2073.68,48,1078.31,1,1078.31,3.6,24122,East,Chennai,Net Banking,Returned,Express,Premium,Desktop Web,Desktop,Renewed,Marketplace,Not Returned,Average,Winter,Coupon,Prime,Other,4
10711,Grocery,HP,97397.75,24,74022.29,1,74022.29,3.9,41224,North,Delhi,Debit Card,Processing,Express,New,Desktop Web,Tablet,Renewed,Marketplace,Not Returned,Average,Spring,Bank Offer,Prime,Female,5
10712,Home & Kitchen,Amazon Basics,19498.59,9,17743.72,10,177437.2,4.6,29004,Central,Mumbai,Net Banking,Cancelled,Express,Premium,Desktop Web,Mobile,New,Amazon,Returned,Poor,Spring,Lightning Deal,Prime,Male,2
10713,Electronics,Nike,82248.49,11,73201.16,3,219603.48,4.5,6331,East,Chennai,UPI,Processing,Same Day,Regular,Desktop Web,Tablet,Renewed,Marketplace,Not Returned,Average,Spring,No Promotion,Prime,Female,6
10714,Beauty,Sony,56271.7,40,33763.02,8,270104.16,2.8,21566,South,Warangal,Credit Card,Processing,Standard,Premium,Desktop Web,Desktop,Renewed,Marketplace,Returned,Excellent,Winter,Bank Offer,Prime,Female,4
10715,Toys,Lenovo,26593.32,6,24997.72,1,24997.72,4.8,45875,North,Warangal,Debit Card,Delivered,Express,Premium,Amazon.in,Tablet,New,Amazon,Not Returned,Poor,Spring,Bank Offer,Non-Prime,Male,5
10716,Toys,boAt,13170.05,60,5268.02,10,52680.2,2.8,42262,West,Kolkata,Debit Card,Returned,Same Day,New,Amazon App,Tablet,Renewed,Amazon,Returned,Average,Summer,Lightning Deal,Prime,Male,7
10717,Fashion,Amazon Basics,49767.39,11,44292.98,4,177171.92,4.1,46621,North,Kolkata,Debit Card,Processing,Express,Premium,Amazon App,Tablet,New,Marketplace,Not Returned,Poor,Winter,Lightning Deal,Prime,Other,6
10718,Beauty,Apple,40853.01,46,22060.63,9,198545.67,4.2,42154,South,Vijayawada,Net Banking,Delivered,Standard,VIP,Desktop Web,Desktop,Renewed,Amazon,Not Returned,Good,Summer,Lightning Deal,Prime,Male,8
10719,Toys,boAt,69947.83,39,42668.18,4,170672.72,4.2,40899,Central,Kolkata,UPI,Cancelled,Express,Regular,Amazon.in,Mobile,Renewed,Amazon,Returned,Poor,Spring,No Promotion,Non-Prime,Male,6
10720,Beauty,Philips,90435.02,16,75965.42,10,759654.2,3.2,44564,Central,Hyderabad,Debit Card,Processing,Same Day,New,Amazon App,Tablet,Renewed,Amazon,Not Returned,Average,Monsoon,Lightning Deal,Non-Prime,Female,10
10721,Home & Kitchen,Samsung,80562.76,4,77340.25,8,618722.0,3.3,20778,Central,Mumbai,Debit Card,Returned,Standard,Regular,Amazon App,Mobile,Renewed,Marketplace,Returned,Excellent,Summer,Coupon,Prime,Male,8
10722,Fashion,Apple,27589.31,13,24002.7,7,168018.9,3.9,33926,West,Pune,Amazon Pay,Processing,Same Day,VIP,Amazon App,Desktop,Renewed,Marketplace,Not Returned,Poor,Winter,Bank Offer,Non-Prime,Other,4
10723,Beauty,boAt,87916.54,33,58904.08,3,176712.24,3.0,20751,East,Chennai,Credit Card,Cancelled,Standard,New,Amazon.in,Mobile,Renewed,Amazon,Not Returned,Poor,Summer,Lightning Deal,Non-Prime,Female,7
10724,Electronics,Philips,83371.45,47,44186.87,7,309308.09,2.6,17528,East,Warangal,Amazon Pay,Processing,Standard,New,Desktop Web,Tablet,Renewed,Amazon,Returned,Average,Winter,Bank Offer,Prime,Other,3
10725,Electronics,boAt,92926.8,60,37170.72,7,260195.04,3.9,68,North,Vijayawada,Amazon Pay,Returned,Prime,Premium,Desktop Web,Tablet,New,Amazon,Not Returned,Excellent,Spring,Festival Sale,Non-Prime,Male,1
10726,Books,Samsung,45973.35,16,38617.61,10,386176.1,3.7,3717,West,Vijayawada,Credit Card,Delivered,Prime,Regular,Desktop Web,Tablet,New,Marketplace,Returned,Excellent,Summer,Festival Sale,Prime,Other,9
10727,Fashion,Philips,76902.8,34,50755.85,3,152267.55,4.1,15218,Central,Pune,UPI,Returned,Prime,VIP,Mobile Web,Tablet,New,Amazon,Not Returned,Good,Monsoon,Lightning Deal,Non-Prime,Other,9
10728,Fashion,Nike,59246.47,54,27253.38,2,54506.76,2.9,43968,Central,Mumbai,Amazon Pay,Delivered,Standard,VIP,Mobile Web,Tablet,New,Amazon,Not Returned,Good,Summer,Bank Offer,Prime,Male,6
10729,Books,Amazon Basics,31187.17,0,31187.17,9,280684.53,4.6,25402,South,Chennai,UPI,Shipped,Express,New,Mobile Web,Tablet,Renewed,Marketplace,Not Returned,Average,Monsoon,Festival Sale,Non-Prime,Male,2
10730,Beauty,Puma,99443.21,58,41766.15,1,41766.15,2.9,48623,South,Bengaluru,Amazon Pay,Returned,Same Day,Premium,Amazon.in,Desktop,Renewed,Amazon,Not Returned,Excellent,Winter,Lightning Deal,Prime,Female,8
10731,Fashion,Lenovo,4022.09,49,2051.27,7,14358.89,4.7,31643,Central,Kolkata,Cash on Delivery,Returned,Same Day,New,Amazon App,Desktop,Renewed,Marketplace,Not Returned,Excellent,Spring,Bank Offer,Prime,Female,10
10732,Electronics,HP,16393.8,49,8360.84,4,33443.36,3.6,42129,Central,Delhi,Credit Card,Cancelled,Same Day,New,Amazon App,Desktop,New,Marketplace,Not Returned,Good,Spring,Lightning Deal,Non-Prime,Female,6
10733,Electronics,Lenovo,89274.73,35,58028.57,2,116057.14,3.9,48460,West,Vijayawada,Amazon Pay,Processing,Prime,New,Amazon.in,Mobile,New,Marketplace,Not Returned,Good,Monsoon,Bank Offer,Prime,Male,7
10734,Toys,Apple,6243.17,14,5369.13,2,10738.26,4.7,29152,East,Kolkata,Cash on Delivery,Delivered,Standard,New,Amazon.in,Mobile,New,Amazon,Returned,Average,Winter,Festival Sale,Prime,Other,1
10735,Home & Kitchen,Lenovo,88703.7,59,36368.52,8,290948.16,3.2,11526,South,Kolkata,Net Banking,Delivered,Prime,VIP,Desktop Web,Desktop,Renewed,Amazon,Not Returned,Excellent,Spring,Lightning Deal,Non-Prime,Other,3
10736,Fashion,Philips,71578.1,18,58694.04,7,410858.28,3.0,26916,East,Hyderabad,Cash on Delivery,Cancelled,Express,VIP,Desktop Web,Mobile,New,Marketplace,Not Returned,Poor,Winter,Festival Sale,Prime,Female,1
10737,Beauty,Nike,3860.06,50,1930.03,7,13510.21,3.6,42975,West,Mumbai,Debit Card,Cancelled,Standard,New,Mobile Web,Mobile,Renewed,Amazon,Not Returned,Good,Monsoon,Lightning Deal,Prime,Female,10
10738,Books,Puma,43045.14,41,25396.63,5,126983.15,3.1,26028,Central,Delhi,Amazon Pay,Processing,Same Day,New,Mobile Web,Tablet,New,Marketplace,Returned,Average,Monsoon,No Promotion,Non-Prime,Male,1
10739,Books,Amazon Basics,75495.25,4,72475.44,10,724754.4,3.8,26709,East,Bengaluru,Cash on Delivery,Processing,Prime,Premium,Amazon.in,Tablet,Renewed,Amazon,Returned,Excellent,Summer,Festival Sale,Prime,Other,1
10740,Beauty,Amazon Basics,58392.41,18,47881.78,8,383054.24,3.2,41999,Central,Warangal,UPI,Returned,Prime,New,Mobile Web,Mobile,New,Marketplace,Not Returned,Excellent,Spring,Festival Sale,Non-Prime,Female,4
10741,Grocery,Samsung,93598.95,42,54287.39,2,108574.78,4.7,15063,Central,Hyderabad,Net Banking,Shipped,Express,VIP,Amazon App,Mobile,Renewed,Marketplace,Not Returned,Good,Spring,Coupon,Prime,Male,7
10742,Sports,HP,86789.87,38,53809.72,2,107619.44,4.0,4723,North,Kolkata,Amazon Pay,Processing,Express,Regular,Amazon.in,Desktop,New,Amazon,Not Returned,Average,Summer,Festival Sale,Non-Prime,Female,7
10743,Home & Kitchen,boAt,33397.23,4,32061.34,5,160306.7,2.5,4213,East,Kolkata,Debit Card,Cancelled,Prime,VIP,Amazon.in,Mobile,New,Amazon,Returned,Poor,Monsoon,Bank Offer,Non-Prime,Male,5
10744,Books,Nike,8644.79,51,4235.95,1,4235.95,4.5,22797,East,Visakhapatnam,Cash on Delivery,Processing,Express,Premium,Amazon App,Tablet,Renewed,Amazon,Not Returned,Good,Monsoon,Lightning Deal,Prime,Other,6
10745,Fashion,boAt,94435.85,11,84047.91,6,504287.46,3.3,36234,Central,Delhi,Net Banking,Delivered,Same Day,VIP,Desktop Web,Mobile,Renewed,Amazon,Returned,Average,Monsoon,No Promotion,Non-Prime,Male,2
10746,Home & Kitchen,Puma,51824.22,18,42495.86,4,169983.44,3.3,19410,West,Delhi,Amazon Pay,Shipped,Express,Regular,Desktop Web,Desktop,New,Marketplace,Not Returned,Excellent,Monsoon,Bank Offer,Prime,Female,5
10747,Fashion,Lenovo,7623.88,46,4116.9,6,24701.4,3.5,23382,North,Visakhapatnam,Net Banking,Returned,Express,New,Amazon App,Tablet,Renewed,Marketplace,Returned,Poor,Winter,Bank Offer,Prime,Female,7
10748,Grocery,Amazon Basics,81693.25,11,72706.99,7,508948.93,4.1,45217,Central,Delhi,Debit Card,Delivered,Prime,Regular,Amazon App,Tablet,New,Amazon,Returned,Average,Spring,Bank Offer,Non-Prime,Other,9
10749,Electronics,Puma,86875.95,35,56469.37,3,169408.11,3.6,2747,South,Kolkata,Cash on Delivery,Delivered,Prime,New,Mobile Web,Tablet,Renewed,Amazon,Not Returned,Poor,Spring,Bank Offer,Prime,Other,6
10750,Home & Kitchen,Lenovo,64013.58,11,56972.09,8,455776.72,4.1,23655,South,Vijayawada,Net Banking,Shipped,Standard,New,Amazon.in,Tablet,New,Marketplace,Not Returned,Average,Monsoon,No Promotion,Prime,Female,10
10751,Toys,Amazon Basics,44860.39,17,37234.12,7,260638.84,2.9,30348,North,Chennai,Net Banking,Returned,Standard,VIP,Mobile Web,Mobile,Renewed,Amazon,Not Returned,Average,Monsoon,Coupon,Non-Prime,Female,4
10752,Books,Lenovo,66283.87,48,34467.61,1,34467.61,4.9,12454,West,Kolkata,Credit Card,Cancelled,Prime,VIP,Amazon App,Desktop,New,Amazon,Not Returned,Average,Monsoon,Festival Sale,Prime,Female,3
10753,Home & Kitchen,HP,70726.03,50,35363.02,6,212178.12,4.3,12587,Central,Hyderabad,Net Banking,Returned,Express,VIP,Mobile Web,Mobile,New,Amazon,Not Returned,Average,Spring,Bank Offer,Prime,Other,9
10754,Home & Kitchen,Nike,89323.39,47,47341.4,7,331389.8,3.1,22555,East,Mumbai,Credit Card,Processing,Express,Premium,Amazon App,Mobile,New,Amazon,Not Returned,Poor,Spring,Festival Sale,Non-Prime,Female,7
10755,Home & Kitchen,Apple,95594.0,42,55444.52,4,221778.08,4.3,28071,North,Visakhapatnam,Cash on Delivery,Delivered,Standard,VIP,Mobile Web,Tablet,Renewed,Marketplace,Not Returned,Good,Monsoon,Festival Sale,Prime,Other,6
10756,Sports,Puma,51528.23,33,34523.91,2,69047.82,3.9,20239,West,Bengaluru,Amazon Pay,Processing,Standard,Premium,Mobile Web,Desktop,New,Marketplace,Returned,Poor,Winter,Bank Offer,Prime,Female,7
10757,Home & Kitchen,Puma,79888.75,47,42341.04,10,423410.4,2.8,31602,East,Warangal,Amazon Pay,Cancelled,Standard,VIP,Desktop Web,Tablet,Renewed,Amazon,Not Returned,Average,Summer,Coupon,Non-Prime,Male,8
10758,Fashion,Sony,96457.05,32,65590.79,9,590317.11,2.9,49151,South,Bengaluru,Cash on Delivery,Processing,Same Day,New,Amazon App,Mobile,Renewed,Marketplace,Not Returned,Poor,Summer,Festival Sale,Prime,Male,5
10759,Electronics,Philips,15293.09,48,7952.41,7,55666.87,2.6,2203,South,Kolkata,Cash on Delivery,Returned,Same Day,Premium,Mobile Web,Mobile,Renewed,Amazon,Returned,Poor,Summer,Lightning Deal,Prime,Female,3
10760,Grocery,HP,2022.14,17,1678.38,1,1678.38,4.5,13635,East,Hyderabad,UPI,Processing,Standard,Regular,Amazon.in,Tablet,New,Amazon,Not Returned,Poor,Spring,Festival Sale,Non-Prime,Male,3
10761,Beauty,HP,86921.58,60,34768.63,8,278149.04,3.9,1144,North,Kolkata,Cash on Delivery,Cancelled,Express,Premium,Mobile Web,Mobile,Renewed,Amazon,Not Returned,Average,Spring,Bank Offer,Prime,Other,2
10762,Home & Kitchen,boAt,19687.28,60,7874.91,3,23624.73,3.3,32699,South,Mumbai,Net Banking,Cancelled,Standard,Premium,Mobile Web,Mobile,Renewed,Marketplace,Not Returned,Poor,Summer,No Promotion,Prime,Male,8
10763,Books,Lenovo,4438.38,56,1952.89,4,7811.56,2.8,19083,Central,Vijayawada,Amazon Pay,Cancelled,Same Day,Regular,Amazon.in,Tablet,Renewed,Marketplace,Not Returned,Excellent,Summer,Festival Sale,Non-Prime,Male,1
10764,Home & Kitchen,Philips,16176.59,28,11647.14,5,58235.7,3.7,26127,East,Warangal,Debit Card,Returned,Express,Premium,Amazon App,Mobile,New,Marketplace,Returned,Average,Winter,Coupon,Non-Prime,Other,8
10765,Books,Nike,38533.67,44,21578.86,1,21578.86,3.8,12213,East,Mumbai,Amazon Pay,Cancelled,Same Day,New,Desktop Web,Desktop,Renewed,Marketplace,Returned,Poor,Spring,Lightning Deal,Prime,Male,3
10766,Fashion,Nike,22081.72,4,21198.45,6,127190.7,4.3,16944,South,Visakhapatnam,Credit Card,Delivered,Express,VIP,Desktop Web,Tablet,Renewed,Marketplace,Not Returned,Excellent,Spring,Lightning Deal,Prime,Male,9
10767,Books,HP,30663.31,24,23304.12,10,233041.2,4.9,1187,North,Visakhapatnam,Amazon Pay,Cancelled,Same Day,Regular,Desktop Web,Desktop,Renewed,Amazon,Not Returned,Poor,Summer,No Promotion,Non-Prime,Female,2
10768,Toys,Nike,97533.35,23,75100.68,6,450604.08,3.6,3133,Central,Kolkata,UPI,Processing,Express,VIP,Amazon.in,Mobile,Renewed,Amazon,Returned,Good,Winter,No Promotion,Prime,Other,10
10769,Beauty,Sony,70498.67,28,50759.04,2,101518.08,3.5,3411,North,Hyderabad,Cash on Delivery,Processing,Express,New,Mobile Web,Mobile,New,Marketplace,Not Returned,Poor,Winter,Festival Sale,Prime,Other,9
10770,Electronics,Puma,71275.73,58,29935.81,10,299358.1,3.4,34457,West,Mumbai,Cash on Delivery,Processing,Express,Regular,Amazon App,Tablet,New,Marketplace,Returned,Poor,Summer,Bank Offer,Prime,Female,6
10771,Books,Samsung,9648.6,37,6078.62,6,36471.72,4.6,37175,West,Pune,Amazon Pay,Returned,Express,VIP,Mobile Web,Mobile,Renewed,Marketplace,Returned,Good,Summer,Coupon,Non-Prime,Female,1
10772,Books,Apple,73262.42,32,49818.45,8,398547.6,2.9,35191,South,Hyderabad,Debit Card,Processing,Prime,VIP,Desktop Web,Tablet,Renewed,Amazon,Returned,Average,Spring,Lightning Deal,Prime,Male,5
10773,Electronics,boAt,73985.56,9,67326.86,6,403961.16,3.4,6728,South,Vijayawada,Debit Card,Returned,Same Day,New,Mobile Web,Tablet,Renewed,Marketplace,Not Returned,Good,Summer,No Promotion,Prime,Male,10
10774,Beauty,Lenovo,66041.55,36,42266.59,4,169066.36,4.3,33744,South,Visakhapatnam,UPI,Returned,Same Day,VIP,Amazon.in,Tablet,Renewed,Amazon,Not Returned,Average,Monsoon,Coupon,Non-Prime,Male,9
10775,Home & Kitchen,Apple,22996.94,59,9428.75,4,37715.0,2.5,22881,West,Kolkata,Credit Card,Cancelled,Prime,New,Amazon.in,Tablet,New,Amazon,Not Returned,Good,Winter,Bank Offer,Non-Prime,Female,6
10776,Books,Lenovo,42418.01,32,28844.25,9,259598.25,3.2,12801,North,Delhi,Amazon Pay,Delivered,Express,Premium,Amazon App,Tablet,New,Marketplace,Returned,Poor,Summer,Lightning Deal,Non-Prime,Other,7
10777,Electronics,Amazon Basics,84657.39,22,66032.76,6,396196.56,4.1,10548,North,Visakhapatnam,Cash on Delivery,Cancelled,Express,New,Amazon App,Desktop,New,Amazon,Not Returned,Poor,Monsoon,Lightning Deal,Prime,Male,4
10778,Toys,Apple,67085.12,57,28846.6,8,230772.8,3.0,32886,South,Warangal,Amazon Pay,Cancelled,Same Day,Premium,Desktop Web,Tablet,New,Amazon,Not Returned,Average,Winter,Bank Offer,Prime,Female,1
10779,Toys,Samsung,73329.33,10,65996.4,8,527971.2,3.3,34310,Central,Chennai,UPI,Returned,Prime,Regular,Amazon App,Desktop,Renewed,Marketplace,Returned,Average,Monsoon,Lightning Deal,Non-Prime,Other,5
10780,Fashion,HP,58818.97,23,45290.61,7,317034.27,3.7,19427,North,Delhi,Net Banking,Returned,Express,VIP,Mobile Web,Mobile,Renewed,Amazon,Not Returned,Excellent,Monsoon,Bank Offer,Prime,Female,2
10781,Electronics,Sony,45067.74,23,34702.16,3,104106.48,3.6,972,West,Kolkata,Net Banking,Processing,Express,New,Amazon.in,Tablet,New,Marketplace,Not Returned,Excellent,Summer,Lightning Deal,Prime,Male,8
10782,Fashion,Puma,75952.39,6,71395.25,10,713952.5,2.8,33683,East,Pune,UPI,Processing,Express,New,Amazon.in,Mobile,New,Amazon,Not Returned,Poor,Winter,Festival Sale,Prime,Female,4
10783,Toys,Puma,6978.0,49,3558.78,1,3558.78,4.8,6621,East,Delhi,Cash on Delivery,Cancelled,Standard,VIP,Amazon.in,Tablet,Renewed,Marketplace,Returned,Poor,Monsoon,Bank Offer,Prime,Female,1
10784,Beauty,Sony,67380.44,20,53904.35,5,269521.75,2.6,26013,East,Warangal,UPI,Shipped,Prime,VIP,Amazon App,Desktop,Renewed,Marketplace,Not Returned,Excellent,Spring,Coupon,Non-Prime,Female,10
10785,Home & Kitchen,Philips,99720.01,19,80773.21,10,807732.1,4.4,49738,Central,Hyderabad,Cash on Delivery,Shipped,Express,Regular,Amazon.in,Desktop,Renewed,Amazon,Returned,Excellent,Winter,Festival Sale,Non-Prime,Female,7
10786,Electronics,Amazon Basics,78062.15,52,37469.83,10,374698.3,2.7,14530,South,Pune,Debit Card,Processing,Standard,Regular,Amazon.in,Desktop,Renewed,Marketplace,Returned,Average,Spring,Coupon,Prime,Other,2
10787,Grocery,Lenovo,29197.24,9,26569.49,2,53138.98,3.7,7354,West,Visakhapatnam,UPI,Shipped,Prime,New,Amazon.in,Mobile,Renewed,Amazon,Returned,Good,Summer,Lightning Deal,Non-Prime,Male,3
10788,Toys,Samsung,27925.39,24,21223.3,10,212233.0,2.9,46529,Central,Pune,Cash on Delivery,Processing,Express,Regular,Desktop Web,Tablet,New,Amazon,Not Returned,Average,Spring,Coupon,Prime,Other,9
10789,Toys,Nike,66787.42,46,36065.21,2,72130.42,2.9,37359,West,Mumbai,UPI,Returned,Same Day,Premium,Desktop Web,Mobile,New,Marketplace,Not Returned,Excellent,Winter,Festival Sale,Prime,Female,9
10790,Grocery,Apple,89605.25,35,58243.41,7,407703.87,2.8,23223,West,Warangal,UPI,Cancelled,Standard,Regular,Amazon App,Desktop,Renewed,Amazon,Not Returned,Poor,Monsoon,Bank Offer,Non-Prime,Female,2
10791,Sports,Amazon Basics,57878.38,47,30675.54,3,92026.62,3.6,41232,South,Delhi,Cash on Delivery,Delivered,Standard,Regular,Amazon.in,Mobile,Renewed,Marketplace,Returned,Excellent,Monsoon,No Promotion,Non-Prime,Male,3
10792,Toys,Apple,52833.75,46,28530.22,8,228241.76,3.8,12550,East,Mumbai,Cash on Delivery,Cancelled,Express,New,Amazon App,Desktop,New,Amazon,Returned,Poor,Winter,Coupon,Prime,Male,9
10793,Books,Samsung,16205.34,14,13936.59,9,125429.31,2.8,22660,South,Pune,Credit Card,Processing,Express,Premium,Amazon.in,Desktop,Renewed,Amazon,Not Returned,Poor,Monsoon,No Promotion,Prime,Other,1
10794,Beauty,boAt,71601.6,43,40812.91,8,326503.28,4.9,31029,Central,Mumbai,UPI,Processing,Standard,Regular,Amazon.in,Desktop,New,Marketplace,Returned,Poor,Spring,Coupon,Prime,Other,2
10795,Electronics,boAt,70288.4,39,42875.92,6,257255.52,3.1,30268,Central,Bengaluru,Net Banking,Cancelled,Same Day,Premium,Amazon.in,Tablet,New,Amazon,Not Returned,Poor,Monsoon,Coupon,Prime,Male,2
10796,Grocery,Amazon Basics,96700.75,39,58987.46,5,294937.3,3.6,47119,Central,Warangal,UPI,Processing,Same Day,Premium,Amazon App,Tablet,New,Amazon,Not Returned,Good,Monsoon,Bank Offer,Non-Prime,Other,10
10797,Books,HP,30158.18,49,15380.67,3,46142.01,3.0,26340,South,Vijayawada,UPI,Shipped,Prime,Premium,Amazon App,Desktop,New,Amazon,Not Returned,Excellent,Spring,Lightning Deal,Non-Prime,Female,3
10798,Grocery,Samsung,75692.26,5,71907.65,3,215722.95,3.7,4290,West,Hyderabad,Cash on Delivery,Shipped,Express,VIP,Amazon.in,Mobile,Renewed,Amazon,Not Returned,Average,Spring,Festival Sale,Prime,Female,10
10799,Electronics,Samsung,43518.71,36,27851.97,7,194963.79,4.4,30138,West,Pune,UPI,Processing,Same Day,VIP,Mobile Web,Mobile,Renewed,Amazon,Not Returned,Poor,Spring,Festival Sale,Prime,Male,3
10800,Fashion,Sony,55934.58,1,55375.23,5,276876.15,3.8,6446,North,Warangal,Amazon Pay,Processing,Prime,VIP,Amazon App,Tablet,New,Amazon,Not Returned,Poor,Summer,Festival Sale,Non-Prime,Other,10
10801,Electronics,HP,81681.09,11,72696.17,6,436177.02,3.2,13432,Central,Vijayawada,UPI,Shipped,Same Day,VIP,Desktop Web,Desktop,Renewed,Amazon,Not Returned,Average,Spring,Lightning Deal,Prime,Female,2
10802,Sports,Lenovo,22354.11,57,9612.27,6,57673.62,3.1,1522,West,Vijayawada,Amazon Pay,Processing,Express,New,Amazon App,Mobile,Renewed,Amazon,Returned,Average,Spring,No Promotion,Non-Prime,Male,8
10803,Electronics,Lenovo,34417.3,3,33384.78,9,300463.02,4.4,33329,North,Kolkata,Net Banking,Processing,Prime,Regular,Amazon.in,Desktop,Renewed,Marketplace,Not Returned,Poor,Summer,Festival Sale,Prime,Other,8
10804,Electronics,Nike,77375.21,22,60352.66,1,60352.66,2.8,3540,West,Mumbai,Cash on Delivery,Cancelled,Prime,VIP,Mobile Web,Mobile,Renewed,Amazon,Returned,Average,Monsoon,No Promotion,Non-Prime,Female,8
10805,Sports,Puma,57130.7,12,50275.02,8,402200.16,3.4,12328,Central,Vijayawada,UPI,Delivered,Prime,New,Amazon.in,Tablet,New,Amazon,Returned,Average,Spring,Lightning Deal,Prime,Other,2
10806,Beauty,boAt,9422.81,16,7915.16,10,79151.6,2.9,34247,East,Bengaluru,Amazon Pay,Shipped,Same Day,Regular,Desktop Web,Desktop,Renewed,Marketplace,Not Returned,Good,Winter,Lightning Deal,Prime,Other,9
10807,Toys,Lenovo,43131.55,30,30192.08,5,150960.4,3.1,6677,Central,Warangal,Amazon Pay,Cancelled,Express,VIP,Amazon App,Desktop,New,Marketplace,Returned,Average,Spring,Bank Offer,Prime,Other,7
10808,Electronics,HP,58745.0,15,49933.25,6,299599.5,2.9,41616,South,Chennai,Amazon Pay,Delivered,Prime,Regular,Amazon App,Mobile,New,Marketplace,Returned,Excellent,Spring,Festival Sale,Non-Prime,Male,5
10809,Sports,Samsung,90968.83,40,54581.3,6,327487.8,4.7,49741,West,Chennai,Debit Card,Processing,Standard,VIP,Amazon.in,Mobile,Renewed,Amazon,Returned,Excellent,Summer,Bank Offer,Non-Prime,Female,7
10810,Books,Lenovo,19010.11,25,14257.58,1,14257.58,4.3,25947,West,Pune,Credit Card,Processing,Express,New,Amazon.in,Mobile,New,Marketplace,Not Returned,Excellent,Winter,Festival Sale,Prime,Male,8
10811,Fashion,Samsung,80633.11,27,58862.17,3,176586.51,3.9,45534,South,Visakhapatnam,Net Banking,Cancelled,Standard,Premium,Desktop Web,Desktop,Renewed,Marketplace,Not Returned,Poor,Monsoon,Lightning Deal,Prime,Female,9
10812,Fashion,Lenovo,13235.32,0,13235.32,6,79411.92,3.1,13520,South,Mumbai,UPI,Processing,Standard,Premium,Mobile Web,Tablet,Renewed,Amazon,Not Returned,Excellent,Monsoon,Lightning Deal,Prime,Female,2
10813,Electronics,boAt,24374.12,46,13162.02,9,118458.18,3.8,44711,East,Visakhapatnam,Debit Card,Returned,Prime,Regular,Desktop Web,Tablet,New,Amazon,Not Returned,Good,Winter,Coupon,Prime,Male,6
10814,Beauty,Apple,24484.72,11,21791.4,6,130748.4,3.8,22805,West,Vijayawada,UPI,Cancelled,Prime,New,Mobile Web,Mobile,Renewed,Marketplace,Not Returned,Excellent,Spring,Coupon,Non-Prime,Male,9
10815,Beauty,Lenovo,87771.42,36,56173.71,6,337042.26,4.0,30444,West,Warangal,UPI,Delivered,Same Day,Premium,Amazon App,Tablet,New,Marketplace,Returned,Poor,Summer,Lightning Deal,Non-Prime,Female,6
10816,Books,HP,20060.97,54,9228.05,1,9228.05,2.7,20143,East,Pune,Cash on Delivery,Cancelled,Same Day,VIP,Mobile Web,Mobile,New,Amazon,Returned,Good,Winter,Lightning Deal,Non-Prime,Female,2
10817,Electronics,Lenovo,78737.68,55,35431.96,9,318887.64,4.9,10292,North,Delhi,Cash on Delivery,Shipped,Same Day,Premium,Mobile Web,Tablet,Renewed,Amazon,Not Returned,Excellent,Winter,No Promotion,Prime,Female,1
10818,Fashion,Puma,46287.29,49,23606.52,4,94426.08,3.7,42844,East,Vijayawada,Cash on Delivery,Cancelled,Express,Regular,Amazon App,Desktop,Renewed,Amazon,Returned,Good,Monsoon,No Promotion,Prime,Other,3
10819,Beauty,boAt,99908.26,19,80925.69,2,161851.38,4.8,16017,Central,Mumbai,Debit Card,Processing,Same Day,Regular,Amazon App,Mobile,Renewed,Amazon,Returned,Good,Summer,Bank Offer,Non-Prime,Female,5
10820,Electronics,HP,83940.33,1,83100.93,1,83100.93,2.5,25323,West,Chennai,UPI,Processing,Standard,New,Amazon App,Tablet,New,Amazon,Returned,Poor,Winter,Coupon,Prime,Male,7
10821,Grocery,Sony,74021.37,35,48113.89,3,144341.67,3.1,41423,South,Kolkata,Credit Card,Returned,Same Day,Regular,Desktop Web,Desktop,Renewed,Marketplace,Returned,Poor,Summer,Coupon,Non-Prime,Male,10
10822,Beauty,HP,87097.49,14,74903.84,3,224711.52,2.8,41713,Central,Warangal,Net Banking,Returned,Prime,Premium,Amazon App,Tablet,New,Amazon,Not Returned,Good,Spring,Lightning Deal,Non-Prime,Male,10
10823,Sports,Puma,63475.23,37,39989.39,5,199946.95,4.4,22320,West,Hyderabad,Cash on Delivery,Returned,Same Day,Premium,Amazon.in,Desktop,New,Amazon,Not Returned,Excellent,Monsoon,Lightning Deal,Non-Prime,Female,3
10824,Grocery,Apple,84395.5,21,66672.45,1,66672.45,3.3,8774,East,Visakhapatnam,Cash on Delivery,Delivered,Express,Premium,Amazon App,Desktop,Renewed,Amazon,Not Returned,Poor,Spring,Bank Offer,Non-Prime,Female,9
10825,Toys,boAt,26259.46,43,14967.89,7,104775.23,4.6,2205,Central,Pune,UPI,Returned,Express,Premium,Amazon App,Tablet,Renewed,Amazon,Returned,Good,Summer,Coupon,Prime,Other,10
10826,Beauty,Sony,9949.78,60,3979.91,1,3979.91,4.6,12342,West,Visakhapatnam,UPI,Delivered,Standard,New,Amazon App,Tablet,Renewed,Amazon,Returned,Average,Spring,No Promotion,Non-Prime,Other,4
10827,Fashion,Puma,61669.01,49,31451.2,4,125804.8,4.2,4027,North,Warangal,Debit Card,Returned,Express,VIP,Mobile Web,Desktop,New,Marketplace,Not Returned,Average,Monsoon,Festival Sale,Prime,Male,10
10828,Home & Kitchen,Puma,43581.1,31,30070.96,6,180425.76,4.2,16327,North,Visakhapatnam,Debit Card,Delivered,Same Day,VIP,Desktop Web,Desktop,Renewed,Amazon,Not Returned,Poor,Summer,Bank Offer,Non-Prime,Other,2
10829,Grocery,Amazon Basics,42757.79,58,17958.27,1,17958.27,4.3,21200,South,Warangal,Cash on Delivery,Cancelled,Prime,New,Amazon App,Desktop,New,Marketplace,Returned,Excellent,Winter,Festival Sale,Non-Prime,Other,3
10830,Toys,boAt,52768.44,19,42742.44,7,299197.08,4.2,7188,West,Visakhapatnam,UPI,Cancelled,Express,Regular,Desktop Web,Mobile,Renewed,Amazon,Not Returned,Average,Spring,No Promotion,Non-Prime,Male,5
10831,Books,HP,36264.98,35,23572.24,10,235722.4,3.5,2808,North,Bengaluru,Credit Card,Processing,Standard,VIP,Amazon.in,Desktop,Renewed,Marketplace,Not Returned,Average,Monsoon,No Promotion,Non-Prime,Female,3
10832,Books,Samsung,62679.74,32,42622.22,7,298355.54,4.2,13851,East,Delhi,Net Banking,Delivered,Same Day,Regular,Amazon.in,Mobile,New,Marketplace,Returned,Average,Winter,Festival Sale,Prime,Other,5
10833,Fashion,Apple,3249.72,14,2794.76,3,8384.28,4.7,15354,West,Vijayawada,UPI,Shipped,Standard,VIP,Amazon App,Desktop,New,Amazon,Returned,Excellent,Monsoon,Bank Offer,Prime,Female,4
10834,Beauty,Samsung,96994.16,49,49467.02,4,197868.08,3.3,15058,East,Vijayawada,UPI,Processing,Express,Regular,Amazon.in,Mobile,Renewed,Amazon,Not Returned,Excellent,Summer,Festival Sale,Prime,Male,10
10835,Electronics,HP,92484.96,45,50866.73,6,305200.38,4.9,14620,East,Mumbai,Amazon Pay,Cancelled,Express,New,Desktop Web,Desktop,Renewed,Amazon,Returned,Poor,Summer,Bank Offer,Prime,Male,3
10836,Beauty,HP,93538.96,2,91668.18,7,641677.26,2.5,31230,North,Hyderabad,Debit Card,Delivered,Standard,Premium,Mobile Web,Desktop,Renewed,Amazon,Not Returned,Poor,Spring,Bank Offer,Non-Prime,Other,6
10837,Fashion,boAt,36626.35,28,26370.97,4,105483.88,3.4,36681,West,Hyderabad,Net Banking,Returned,Same Day,Regular,Amazon App,Desktop,Renewed,Amazon,Returned,Average,Monsoon,Lightning Deal,Prime,Male,8
10838,Books,HP,53281.72,46,28772.13,10,287721.3,2.8,17803,Central,Mumbai,Cash on Delivery,Shipped,Express,Premium,Amazon.in,Tablet,Renewed,Marketplace,Returned,Excellent,Monsoon,Coupon,Prime,Male,4
10839,Beauty,Amazon Basics,95421.23,26,70611.71,9,635505.39,2.8,2167,North,Kolkata,UPI,Cancelled,Prime,Regular,Desktop Web,Tablet,New,Amazon,Not Returned,Good,Monsoon,Coupon,Non-Prime,Male,9
10840,Books,Sony,90253.14,4,86643.01,9,779787.09,4.5,2144,North,Vijayawada,Cash on Delivery,Processing,Express,Regular,Desktop Web,Desktop,New,Amazon,Returned,Average,Summer,No Promotion,Prime,Other,6
10841,Grocery,HP,79065.4,58,33207.47,9,298867.23,4.8,2167,West,Kolkata,UPI,Delivered,Same Day,Regular,Amazon.in,Mobile,New,Marketplace,Not Returned,Poor,Spring,Lightning Deal,Prime,Other,5
10842,Toys,Samsung,40850.69,55,18382.81,10,183828.1,4.4,42520,West,Warangal,Cash on Delivery,Shipped,Express,Regular,Desktop Web,Mobile,New,Amazon,Returned,Excellent,Monsoon,Coupon,Prime,Other,3
10843,Electronics,HP,56520.05,30,39564.03,6,237384.18,4.9,42136,East,Warangal,Net Banking,Delivered,Standard,Regular,Desktop Web,Desktop,Renewed,Marketplace,Not Returned,Poor,Monsoon,Bank Offer,Prime,Male,5
10844,Grocery,Amazon Basics,79331.66,21,62672.01,2,125344.02,3.0,25844,West,Chennai,Debit Card,Returned,Express,Premium,Amazon App,Tablet,New,Amazon,Returned,Poor,Winter,Bank Offer,Non-Prime,Female,5
10845,Books,Lenovo,27445.6,34,18114.1,2,36228.2,2.9,28163,East,Visakhapatnam,Net Banking,Processing,Express,Regular,Desktop Web,Mobile,New,Marketplace,Returned,Excellent,Monsoon,Festival Sale,Non-Prime,Male,4
10846,Books,Lenovo,62718.65,53,29477.77,4,117911.08,3.8,22920,North,Hyderabad,Amazon Pay,Delivered,Same Day,Premium,Amazon.in,Tablet,New,Amazon,Not Returned,Average,Spring,Festival Sale,Prime,Other,6
10847,Home & Kitchen,Puma,82826.85,6,77857.24,9,700715.16,4.6,17550,South,Chennai,Credit Card,Cancelled,Standard,New,Amazon App,Mobile,Renewed,Marketplace,Returned,Excellent,Winter,Bank Offer,Non-Prime,Female,3
10848,Home & Kitchen,Apple,70802.99,5,67262.84,3,201788.52,2.6,36343,Central,Delhi,Debit Card,Processing,Same Day,VIP,Amazon.in,Desktop,New,Marketplace,Not Returned,Average,Winter,Bank Offer,Prime,Female,10
10849,Grocery,Nike,48051.17,25,36038.38,6,216230.28,5.0,18254,North,Mumbai,Net Banking,Cancelled,Express,Regular,Mobile Web,Tablet,Renewed,Amazon,Returned,Poor,Winter,Festival Sale,Prime,Other,1
10850,Sports,Sony,58542.91,53,27515.17,2,55030.34,4.0,49311,West,Mumbai,Amazon Pay,Delivered,Prime,VIP,Amazon.in,Mobile,New,Amazon,Returned,Excellent,Summer,Coupon,Prime,Female,7
10851,Grocery,Philips,98868.82,0,98868.82,1,98868.82,4.9,40011,Central,Warangal,Credit Card,Processing,Express,Premium,Amazon.in,Desktop,Renewed,Amazon,Not Returned,Good,Winter,No Promotion,Non-Prime,Female,7
10852,Home & Kitchen,Puma,60277.38,18,49427.45,5,247137.25,3.4,20147,South,Vijayawada,Amazon Pay,Cancelled,Same Day,New,Amazon App,Desktop,New,Marketplace,Returned,Average,Monsoon,Festival Sale,Non-Prime,Other,4
10853,Books,Apple,78603.65,6,73887.43,8,591099.44,3.6,12926,South,Kolkata,UPI,Returned,Prime,New,Desktop Web,Desktop,Renewed,Marketplace,Returned,Good,Summer,Coupon,Non-Prime,Female,9
10854,Fashion,Lenovo,72714.16,35,47264.2,10,472642.0,4.4,33823,East,Hyderabad,UPI,Returned,Same Day,New,Amazon.in,Tablet,New,Marketplace,Not Returned,Average,Summer,Coupon,Non-Prime,Female,2
10855,Grocery,Samsung,70207.76,11,62484.91,10,624849.1,4.5,49485,Central,Chennai,Cash on Delivery,Delivered,Same Day,VIP,Amazon App,Tablet,Renewed,Amazon,Returned,Excellent,Summer,Coupon,Non-Prime,Other,1
10856,Books,Philips,71692.63,19,58071.03,2,116142.06,3.1,23991,East,Kolkata,Debit Card,Processing,Standard,Premium,Mobile Web,Desktop,Renewed,Amazon,Not Returned,Good,Summer,Lightning Deal,Non-Prime,Female,3
10857,Fashion,Apple,45549.09,22,35528.29,10,355282.9,4.8,41851,North,Chennai,UPI,Shipped,Prime,Regular,Amazon App,Tablet,New,Marketplace,Not Returned,Excellent,Summer,Lightning Deal,Prime,Female,7
10858,Fashion,Apple,47520.19,24,36115.34,9,325038.06,4.7,27563,Central,Visakhapatnam,Amazon Pay,Processing,Express,Regular,Amazon App,Mobile,Renewed,Amazon,Not Returned,Average,Summer,Coupon,Non-Prime,Female,9
10859,Home & Kitchen,Puma,46891.7,29,33293.11,8,266344.88,2.5,30688,North,Delhi,Debit Card,Returned,Same Day,Premium,Desktop Web,Desktop,Renewed,Marketplace,Returned,Average,Summer,Bank Offer,Prime,Female,2
10860,Grocery,Philips,3517.81,58,1477.48,3,4432.44,2.8,29023,East,Delhi,UPI,Cancelled,Express,VIP,Amazon.in,Desktop,New,Amazon,Returned,Average,Winter,Lightning Deal,Prime,Other,6
10861,Beauty,boAt,24257.32,60,9702.93,1,9702.93,3.7,34130,Central,Kolkata,Cash on Delivery,Shipped,Standard,Regular,Mobile Web,Tablet,New,Amazon,Not Returned,Average,Spring,Festival Sale,Non-Prime,Male,3
10862,Electronics,Nike,15624.49,28,11249.63,4,44998.52,3.7,925,East,Kolkata,Net Banking,Delivered,Standard,Premium,Amazon App,Desktop,Renewed,Marketplace,Returned,Poor,Monsoon,Lightning Deal,Prime,Male,5
10863,Home & Kitchen,boAt,88666.21,30,62066.35,8,496530.8,4.3,16321,Central,Kolkata,Cash on Delivery,Shipped,Prime,Regular,Amazon.in,Mobile,New,Amazon,Not Returned,Average,Monsoon,Bank Offer,Prime,Female,9
10864,Home & Kitchen,Philips,27640.94,17,22941.98,3,68825.94,2.7,10769,East,Chennai,Credit Card,Delivered,Standard,New,Amazon.in,Tablet,New,Amazon,Returned,Good,Winter,No Promotion,Prime,Other,3
10865,Beauty,boAt,14015.57,40,8409.34,10,84093.4,4.1,36748,South,Visakhapatnam,UPI,Shipped,Standard,Regular,Amazon App,Tablet,New,Amazon,Not Returned,Average,Winter,Lightning Deal,Non-Prime,Other,1
10866,Electronics,Amazon Basics,12151.74,18,9964.43,2,19928.86,4.0,40028,East,Bengaluru,Credit Card,Delivered,Express,VIP,Amazon.in,Desktop,Renewed,Amazon,Not Returned,Excellent,Summer,Coupon,Non-Prime,Female,5
10867,Books,Lenovo,70057.99,53,32927.26,7,230490.82,3.1,16151,South,Kolkata,Credit Card,Delivered,Standard,Premium,Amazon App,Desktop,Renewed,Amazon,Returned,Poor,Spring,Coupon,Prime,Male,1
10868,Sports,Amazon Basics,806.11,3,781.93,4,3127.72,3.9,10597,East,Vijayawada,Amazon Pay,Shipped,Standard,VIP,Amazon App,Desktop,Renewed,Marketplace,Not Returned,Good,Summer,Coupon,Non-Prime,Female,8
10869,Grocery,HP,47235.18,0,47235.18,6,283411.08,3.1,34187,Central,Hyderabad,Debit Card,Shipped,Same Day,Premium,Amazon App,Tablet,Renewed,Amazon,Not Returned,Poor,Winter,No Promotion,Prime,Other,7
10870,Sports,boAt,12062.34,40,7237.4,5,36187.0,2.9,43835,Central,Hyderabad,Amazon Pay,Delivered,Standard,New,Mobile Web,Desktop,Renewed,Marketplace,Returned,Poor,Summer,Bank Offer,Non-Prime,Other,2
10871,Books,HP,84995.41,58,35698.07,2,71396.14,3.9,59,Central,Chennai,UPI,Returned,Same Day,Premium,Amazon App,Mobile,Renewed,Amazon,Not Returned,Poor,Monsoon,Festival Sale,Prime,Male,9
10872,Toys,Samsung,95852.35,14,82433.02,10,824330.2,4.9,35292,West,Kolkata,Credit Card,Shipped,Standard,Regular,Desktop Web,Desktop,Renewed,Amazon,Not Returned,Excellent,Monsoon,Bank Offer,Prime,Other,5
10873,Home & Kitchen,Sony,95882.71,53,45064.87,2,90129.74,3.1,20181,North,Warangal,Net Banking,Processing,Standard,Regular,Amazon.in,Desktop,New,Marketplace,Returned,Poor,Summer,No Promotion,Non-Prime,Other,7
10874,Electronics,Samsung,44307.02,7,41205.53,9,370849.77,3.4,27235,Central,Mumbai,Credit Card,Cancelled,Prime,New,Mobile Web,Tablet,Renewed,Marketplace,Not Returned,Poor,Spring,Coupon,Non-Prime,Other,4
10875,Home & Kitchen,Philips,64521.58,14,55488.56,10,554885.6,3.1,28672,South,Bengaluru,Net Banking,Delivered,Prime,Premium,Amazon.in,Desktop,Renewed,Amazon,Not Returned,Average,Summer,Bank Offer,Non-Prime,Male,1
10876,Fashion,Apple,60049.47,14,51642.54,2,103285.08,3.2,1578,Central,Vijayawada,Amazon Pay,Delivered,Same Day,New,Mobile Web,Tablet,New,Amazon,Not Returned,Excellent,Summer,Festival Sale,Non-Prime,Other,8
10877,Home & Kitchen,Lenovo,35132.88,49,17917.77,8,143342.16,3.5,45366,West,Visakhapatnam,Amazon Pay,Cancelled,Standard,Regular,Desktop Web,Desktop,New,Marketplace,Not Returned,Good,Spring,Coupon,Non-Prime,Female,1
10878,Home & Kitchen,boAt,44516.64,38,27600.32,8,220802.56,4.3,47295,South,Warangal,Debit Card,Returned,Express,VIP,Mobile Web,Mobile,New,Marketplace,Not Returned,Good,Spring,Festival Sale,Prime,Male,3
10879,Books,Puma,6618.5,21,5228.62,1,5228.62,2.6,16047,West,Delhi,Credit Card,Cancelled,Prime,New,Mobile Web,Mobile,Renewed,Marketplace,Not Returned,Good,Spring,Lightning Deal,Prime,Female,6
10880,Books,Sony,79609.76,17,66076.1,1,66076.1,4.9,32160,South,Warangal,Cash on Delivery,Shipped,Express,VIP,Mobile Web,Tablet,New,Marketplace,Not Returned,Excellent,Monsoon,Festival Sale,Prime,Female,8
10881,Books,Nike,24231.19,15,20596.51,4,82386.04,2.6,33475,East,Chennai,Amazon Pay,Cancelled,Prime,VIP,Amazon.in,Tablet,Renewed,Amazon,Not Returned,Good,Summer,Coupon,Non-Prime,Male,8
10882,Sports,Nike,46159.63,1,45698.03,2,91396.06,4.7,24549,North,Bengaluru,Amazon Pay,Delivered,Prime,Premium,Amazon App,Desktop,Renewed,Amazon,Returned,Excellent,Winter,Lightning Deal,Non-Prime,Female,2
10883,Fashion,Nike,48164.95,35,31307.22,1,31307.22,4.7,5277,North,Pune,Debit Card,Cancelled,Standard,New,Amazon.in,Desktop,Renewed,Amazon,Not Returned,Average,Spring,Coupon,Prime,Male,9
10884,Toys,boAt,56158.03,19,45488.0,9,409392.0,3.8,1780,West,Pune,Net Banking,Processing,Prime,VIP,Amazon App,Mobile,New,Amazon,Not Returned,Average,Spring,Coupon,Prime,Female,4
10885,Toys,Nike,81823.09,15,69549.63,3,208648.89,2.8,46579,North,Kolkata,Debit Card,Shipped,Express,VIP,Amazon.in,Desktop,New,Amazon,Returned,Excellent,Summer,Lightning Deal,Prime,Male,4
10886,Books,Amazon Basics,69248.73,2,67863.76,1,67863.76,3.9,45913,West,Kolkata,Credit Card,Cancelled,Prime,Premium,Desktop Web,Mobile,Renewed,Marketplace,Not Returned,Good,Winter,Festival Sale,Prime,Other,2
10887,Electronics,Sony,66372.69,55,29867.71,2,59735.42,4.1,14662,West,Chennai,UPI,Delivered,Same Day,Premium,Desktop Web,Tablet,Renewed,Marketplace,Not Returned,Excellent,Summer,No Promotion,Non-Prime,Other,1
10888,Sports,Amazon Basics,52768.2,29,37465.42,8,299723.36,4.6,31516,West,Visakhapatnam,UPI,Shipped,Standard,Regular,Mobile Web,Desktop,Renewed,Marketplace,Not Returned,Excellent,Summer,No Promotion,Prime,Female,10
10889,Beauty,Apple,9775.38,54,4496.67,5,22483.35,3.9,32161,North,Kolkata,Net Banking,Delivered,Standard,VIP,Desktop Web,Tablet,New,Amazon,Not Returned,Poor,Spring,No Promotion,Non-Prime,Other,7
10890,Electronics,Sony,40319.45,1,39916.26,7,279413.82,3.5,44499,West,Mumbai,Amazon Pay,Returned,Same Day,Regular,Mobile Web,Desktop,Renewed,Marketplace,Not Returned,Excellent,Spring,No Promotion,Prime,Male,10
10891,Grocery,Amazon Basics,95739.22,34,63187.89,6,379127.34,4.6,31886,North,Bengaluru,Net Banking,Processing,Same Day,VIP,Amazon App,Mobile,New,Amazon,Not Returned,Poor,Monsoon,Bank Offer,Non-Prime,Female,3
10892,Grocery,Sony,99554.7,25,74666.02,1,74666.02,5.0,8800,West,Chennai,Amazon Pay,Returned,Same Day,Regular,Desktop Web,Tablet,Renewed,Amazon,Returned,Average,Winter,No Promotion,Non-Prime,Other,4
10893,Electronics,Apple,73102.71,56,32165.19,6,192991.14,4.1,49460,Central,Hyderabad,Amazon Pay,Processing,Prime,Premium,Amazon App,Tablet,New,Amazon,Returned,Poor,Winter,Lightning Deal,Non-Prime,Other,9
10894,Books,HP,22904.99,60,9162.0,7,64134.0,4.7,5439,West,Delhi,UPI,Cancelled,Standard,New,Amazon.in,Desktop,Renewed,Marketplace,Returned,Excellent,Spring,No Promotion,Non-Prime,Female,6
10895,Beauty,boAt,10367.69,4,9952.98,4,39811.92,4.0,4307,South,Chennai,Net Banking,Shipped,Same Day,Premium,Amazon App,Tablet,New,Amazon,Returned,Average,Spring,Coupon,Prime,Other,1
10896,Beauty,boAt,41592.48,1,41176.56,8,329412.48,4.2,2364,West,Chennai,Debit Card,Cancelled,Prime,Regular,Amazon.in,Mobile,New,Amazon,Returned,Poor,Spring,No Promotion,Prime,Other,9
10897,Sports,Nike,85684.88,50,42842.44,8,342739.52,4.2,16568,East,Pune,Amazon Pay,Processing,Same Day,Regular,Amazon App,Tablet,New,Marketplace,Not Returned,Excellent,Winter,Festival Sale,Prime,Female,9
10898,Beauty,Samsung,72241.05,55,32508.47,7,227559.29,4.3,38092,West,Vijayawada,Cash on Delivery,Processing,Express,New,Amazon App,Tablet,New,Amazon,Not Returned,Average,Monsoon,Lightning Deal,Non-Prime,Other,5
10899,Grocery,Nike,88411.45,19,71613.27,2,143226.54,3.3,5483,South,Visakhapatnam,Cash on Delivery,Processing,Express,VIP,Desktop Web,Desktop,New,Marketplace,Not Returned,Poor,Winter,Lightning Deal,Prime,Other,8
10900,Fashion,Philips,61653.48,33,41307.83,6,247846.98,3.9,245,South,Vijayawada,Debit Card,Delivered,Standard,Regular,Amazon App,Tablet,New,Amazon,Not Returned,Excellent,Spring,Bank Offer,Prime,Other,7
10901,Books,Amazon Basics,13205.77,33,8847.87,6,53087.22,4.0,8430,North,Mumbai,Cash on Delivery,Shipped,Prime,Regular,Desktop Web,Desktop,Renewed,Marketplace,Not Returned,Excellent,Spring,Coupon,Prime,Other,8
10902,Beauty,Sony,11655.64,53,5478.15,7,38347.05,3.3,8183,Central,Hyderabad,Credit Card,Cancelled,Express,Regular,Desktop Web,Desktop,Renewed,Amazon,Returned,Good,Monsoon,Lightning Deal,Non-Prime,Female,9
10903,Sports,Samsung,4989.63,55,2245.33,6,13471.98,3.4,38692,West,Pune,Amazon Pay,Cancelled,Express,New,Mobile Web,Tablet,Renewed,Amazon,Returned,Good,Summer,Festival Sale,Non-Prime,Male,2
10904,Grocery,Apple,56793.58,54,26125.05,2,52250.1,4.4,30086,North,Hyderabad,Debit Card,Returned,Prime,Premium,Mobile Web,Mobile,Renewed,Marketplace,Not Returned,Poor,Summer,No Promotion,Non-Prime,Male,10
10905,Fashion,Philips,24439.05,19,19795.63,8,158365.04,4.0,49671,Central,Mumbai,Net Banking,Processing,Same Day,Regular,Amazon.in,Desktop,New,Amazon,Not Returned,Poor,Winter,Lightning Deal,Prime,Other,5
10906,Home & Kitchen,Apple,73490.49,49,37480.15,4,149920.6,2.9,32726,West,Vijayawada,Amazon Pay,Processing,Prime,New,Amazon App,Tablet,Renewed,Marketplace,Not Returned,Poor,Summer,Festival Sale,Prime,Other,8
10907,Home & Kitchen,boAt,68686.74,24,52201.92,9,469817.28,4.6,13901,East,Chennai,Debit Card,Processing,Same Day,Regular,Amazon.in,Desktop,New,Amazon,Returned,Excellent,Summer,No Promotion,Prime,Male,3
10908,Fashion,boAt,31946.45,19,25876.62,8,207012.96,4.7,3907,West,Kolkata,UPI,Cancelled,Express,VIP,Amazon App,Mobile,New,Marketplace,Returned,Poor,Winter,Bank Offer,Non-Prime,Other,6
10909,Grocery,Nike,17843.81,24,13561.3,3,40683.9,3.7,33044,South,Kolkata,Net Banking,Returned,Express,New,Mobile Web,Mobile,New,Amazon,Not Returned,Excellent,Spring,Lightning Deal,Prime,Male,6
10910,Sports,Amazon Basics,10418.55,52,5000.9,3,15002.7,3.0,28604,South,Warangal,UPI,Delivered,Express,Regular,Mobile Web,Desktop,Renewed,Amazon,Returned,Poor,Summer,Lightning Deal,Non-Prime,Female,7
10911,Fashion,Samsung,73783.06,13,64191.26,8,513530.08,4.9,37869,East,Delhi,Amazon Pay,Shipped,Standard,New,Amazon App,Mobile,New,Amazon,Not Returned,Excellent,Spring,Festival Sale,Non-Prime,Female,3
10912,Books,Lenovo,45153.01,59,18512.73,2,37025.46,4.7,14537,North,Visakhapatnam,Net Banking,Delivered,Standard,Regular,Amazon App,Tablet,Renewed,Marketplace,Returned,Excellent,Winter,Coupon,Non-Prime,Female,8
10913,Books,Philips,32487.29,46,17543.14,9,157888.26,3.1,12501,Central,Mumbai,Cash on Delivery,Cancelled,Standard,Premium,Mobile Web,Tablet,Renewed,Marketplace,Returned,Good,Spring,Bank Offer,Non-Prime,Female,8
10914,Home & Kitchen,Philips,85692.97,43,48844.99,4,195379.96,2.7,37371,West,Delhi,Debit Card,Processing,Prime,Regular,Mobile Web,Desktop,Renewed,Marketplace,Not Returned,Average,Spring,Coupon,Prime,Female,9
10915,Beauty,Nike,59441.6,42,34476.13,6,206856.78,3.6,49103,South,Visakhapatnam,Amazon Pay,Shipped,Express,New,Amazon.in,Mobile,Renewed,Marketplace,Returned,Excellent,Winter,Lightning Deal,Prime,Female,8
10916,Sports,boAt,51895.63,42,30099.47,3,90298.41,4.2,46154,North,Delhi,Credit Card,Cancelled,Express,VIP,Mobile Web,Tablet,Renewed,Marketplace,Returned,Poor,Spring,Coupon,Non-Prime,Male,3
10917,Home & Kitchen,Nike,74388.24,38,46120.71,3,138362.13,2.9,36821,East,Vijayawada,Net Banking,Cancelled,Prime,VIP,Amazon App,Tablet,New,Amazon,Not Returned,Good,Summer,No Promotion,Prime,Other,6
10918,Beauty,Sony,81594.2,11,72618.84,3,217856.52,3.8,23196,South,Visakhapatnam,Net Banking,Cancelled,Standard,VIP,Amazon.in,Tablet,New,Amazon,Returned,Poor,Summer,Bank Offer,Non-Prime,Male,9
10919,Beauty,Samsung,68669.1,47,36394.62,10,363946.2,3.6,6073,East,Vijayawada,Amazon Pay,Shipped,Prime,Regular,Amazon App,Desktop,Renewed,Amazon,Not Returned,Poor,Summer,Coupon,Prime,Female,1
10920,Toys,Amazon Basics,44111.63,4,42347.16,2,84694.32,4.7,49293,West,Chennai,Amazon Pay,Shipped,Standard,Premium,Desktop Web,Desktop,New,Amazon,Returned,Excellent,Summer,No Promotion,Prime,Other,3
10921,Books,HP,38053.02,1,37672.49,8,301379.92,3.6,10561,Central,Pune,UPI,Returned,Express,Regular,Amazon.in,Tablet,Renewed,Amazon,Not Returned,Excellent,Spring,Festival Sale,Non-Prime,Other,2
10922,Grocery,Puma,77211.16,53,36289.25,9,326603.25,3.8,18101,South,Vijayawada,Cash on Delivery,Returned,Same Day,VIP,Amazon App,Tablet,New,Marketplace,Not Returned,Average,Summer,Coupon,Non-Prime,Female,8
10923,Electronics,Puma,51886.13,15,44103.21,8,352825.68,4.9,45516,South,Kolkata,UPI,Delivered,Standard,New,Mobile Web,Mobile,New,Amazon,Returned,Excellent,Spring,Bank Offer,Non-Prime,Female,6
10924,Grocery,Nike,70496.73,54,32428.5,10,324285.0,3.2,31426,West,Delhi,UPI,Shipped,Express,VIP,Desktop Web,Mobile,New,Marketplace,Returned,Excellent,Monsoon,No Promotion,Non-Prime,Female,10
10925,Electronics,Sony,89060.8,29,63233.17,3,189699.51,3.2,29341,North,Warangal,Cash on Delivery,Shipped,Express,New,Amazon App,Mobile,New,Amazon,Not Returned,Average,Spring,Coupon,Prime,Female,8
10926,Fashion,Samsung,91604.89,46,49466.64,7,346266.48,4.5,7313,Central,Bengaluru,Credit Card,Shipped,Same Day,Premium,Amazon.in,Desktop,New,Marketplace,Returned,Poor,Summer,Festival Sale,Non-Prime,Female,2
10927,Books,Lenovo,27915.02,42,16190.71,10,161907.1,3.2,30773,South,Visakhapatnam,UPI,Returned,Express,New,Amazon App,Tablet,New,Marketplace,Returned,Average,Monsoon,Coupon,Prime,Female,6
10928,Beauty,Puma,18950.42,60,7580.17,2,15160.34,4.6,28003,Central,Mumbai,UPI,Cancelled,Express,Regular,Desktop Web,Desktop,New,Marketplace,Returned,Average,Winter,No Promotion,Non-Prime,Other,7
10929,Sports,Samsung,26275.48,37,16553.55,4,66214.2,2.7,26420,South,Warangal,Net Banking,Processing,Standard,Regular,Amazon.in,Tablet,New,Amazon,Not Returned,Average,Spring,Coupon,Prime,Female,8
10930,Electronics,Amazon Basics,75185.9,44,42104.1,6,252624.6,2.8,5714,Central,Kolkata,Cash on Delivery,Returned,Standard,Regular,Desktop Web,Mobile,New,Amazon,Not Returned,Good,Summer,Bank Offer,Non-Prime,Female,9
10931,Grocery,Apple,37130.79,50,18565.4,5,92827.0,4.8,49551,East,Vijayawada,Debit Card,Shipped,Same Day,New,Amazon App,Mobile,New,Amazon,Not Returned,Poor,Summer,Lightning Deal,Prime,Other,5
10932,Beauty,Sony,17503.25,41,10326.92,9,92942.28,3.9,27139,South,Pune,Credit Card,Returned,Same Day,Regular,Mobile Web,Mobile,New,Amazon,Returned,Good,Summer,No Promotion,Prime,Male,3
10933,Electronics,boAt,10017.87,23,7713.76,10,77137.6,4.3,26098,Central,Chennai,Credit Card,Delivered,Express,Regular,Mobile Web,Mobile,New,Marketplace,Returned,Good,Winter,No Promotion,Prime,Female,2
10934,Electronics,Samsung,32864.86,50,16432.43,4,65729.72,3.1,42294,North,Bengaluru,Cash on Delivery,Shipped,Standard,Regular,Amazon App,Tablet,New,Marketplace,Not Returned,Excellent,Monsoon,No Promotion,Non-Prime,Other,8
10935,Toys,Amazon Basics,13785.42,29,9787.65,5,48938.25,2.9,13582,East,Hyderabad,Amazon Pay,Delivered,Same Day,Premium,Amazon App,Mobile,Renewed,Marketplace,Not Returned,Average,Monsoon,No Promotion,Non-Prime,Other,1
10936,Electronics,Lenovo,15805.09,36,10115.26,4,40461.04,4.6,43583,East,Warangal,Amazon Pay,Shipped,Same Day,New,Amazon App,Tablet,New,Marketplace,Returned,Average,Summer,Coupon,Non-Prime,Male,10
10937,Sports,HP,68450.62,56,30118.27,8,240946.16,3.4,13760,North,Pune,Net Banking,Returned,Prime,New,Amazon.in,Tablet,New,Amazon,Returned,Good,Spring,Bank Offer,Non-Prime,Female,6
10938,Books,boAt,2168.26,58,910.67,8,7285.36,3.6,6255,Central,Hyderabad,Net Banking,Cancelled,Same Day,VIP,Desktop Web,Desktop,New,Marketplace,Returned,Excellent,Summer,Festival Sale,Prime,Female,2
10939,Sports,HP,11930.82,52,5726.79,3,17180.37,2.6,16622,West,Bengaluru,Cash on Delivery,Processing,Express,New,Desktop Web,Mobile,New,Amazon,Returned,Excellent,Summer,Bank Offer,Prime,Female,3
10940,Home & Kitchen,Lenovo,84466.68,38,52369.34,1,52369.34,3.5,35983,North,Mumbai,Net Banking,Delivered,Standard,Premium,Desktop Web,Mobile,New,Marketplace,Not Returned,Excellent,Spring,No Promotion,Prime,Other,8
10941,Beauty,Amazon Basics,84521.43,10,76069.29,6,456415.74,4.4,40309,Central,Mumbai,Credit Card,Returned,Same Day,New,Amazon App,Desktop,New,Marketplace,Returned,Poor,Summer,Coupon,Non-Prime,Female,1
10942,Books,Puma,33057.5,13,28760.02,2,57520.04,4.6,29715,North,Delhi,Credit Card,Cancelled,Prime,Premium,Desktop Web,Tablet,Renewed,Marketplace,Returned,Good,Winter,Coupon,Prime,Female,6
10943,Toys,HP,8976.71,22,7001.83,2,14003.66,4.2,36415,North,Bengaluru,Debit Card,Returned,Standard,Premium,Amazon App,Mobile,Renewed,Amazon,Not Returned,Poor,Summer,No Promotion,Prime,Female,3
10944,Books,boAt,70555.04,52,33866.42,3,101599.26,4.2,21792,South,Bengaluru,Amazon Pay,Delivered,Same Day,New,Amazon.in,Tablet,Renewed,Amazon,Not Returned,Excellent,Winter,Coupon,Non-Prime,Female,6
10945,Books,Nike,36140.14,15,30719.12,8,245752.96,3.8,42576,Central,Hyderabad,Cash on Delivery,Processing,Prime,VIP,Mobile Web,Desktop,New,Marketplace,Returned,Excellent,Summer,No Promotion,Non-Prime,Male,3
10946,Grocery,Philips,4736.37,49,2415.55,3,7246.65,3.8,22724,West,Pune,UPI,Returned,Same Day,Regular,Amazon App,Tablet,New,Marketplace,Not Returned,Excellent,Monsoon,Bank Offer,Prime,Male,8
10947,Books,Samsung,15950.13,20,12760.1,7,89320.7,4.4,3652,South,Visakhapatnam,Amazon Pay,Shipped,Standard,Regular,Amazon App,Mobile,New,Marketplace,Returned,Average,Spring,Lightning Deal,Non-Prime,Male,5
10948,Toys,Puma,13893.04,54,6390.8,10,63908.0,3.1,26297,North,Hyderabad,UPI,Cancelled,Standard,New,Mobile Web,Tablet,Renewed,Amazon,Returned,Good,Monsoon,Coupon,Non-Prime,Female,4
10949,Sports,HP,58992.81,54,27136.69,10,271366.9,3.1,32422,North,Chennai,Debit Card,Returned,Standard,New,Mobile Web,Tablet,New,Amazon,Not Returned,Average,Summer,No Promotion,Non-Prime,Female,9
10950,Books,Apple,89831.13,3,87136.2,9,784225.8,4.9,14028,North,Mumbai,Debit Card,Cancelled,Express,Premium,Amazon.in,Mobile,New,Amazon,Not Returned,Poor,Summer,No Promotion,Non-Prime,Other,5
10951,Fashion,Samsung,79347.59,32,53956.36,8,431650.88,2.6,13803,Central,Mumbai,Net Banking,Shipped,Same Day,New,Desktop Web,Mobile,Renewed,Marketplace,Returned,Average,Winter,Coupon,Prime,Other,4
10952,Beauty,Nike,54741.3,53,25728.41,1,25728.41,2.8,6307,Central,Delhi,Debit Card,Processing,Express,Premium,Amazon App,Tablet,Renewed,Amazon,Not Returned,Good,Summer,Festival Sale,Prime,Other,8
10953,Books,Lenovo,42330.09,60,16932.04,7,118524.28,3.9,31325,South,Chennai,Debit Card,Processing,Standard,VIP,Desktop Web,Tablet,New,Marketplace,Returned,Average,Summer,No Promotion,Prime,Female,8
10954,Beauty,Philips,61942.94,46,33449.19,7,234144.33,4.3,31574,West,Mumbai,UPI,Shipped,Prime,New,Amazon App,Desktop,New,Amazon,Returned,Excellent,Summer,Coupon,Prime,Male,8
10955,Fashion,Amazon Basics,44491.51,13,38707.61,8,309660.88,3.8,19262,South,Hyderabad,Net Banking,Cancelled,Same Day,Regular,Amazon.in,Mobile,New,Marketplace,Returned,Poor,Monsoon,No Promotion,Prime,Male,4
10956,Fashion,Nike,24759.69,18,20302.95,10,203029.5,3.4,1535,East,Chennai,Debit Card,Returned,Express,Regular,Mobile Web,Tablet,New,Marketplace,Not Returned,Poor,Winter,Festival Sale,Non-Prime,Male,1
10957,Beauty,Nike,67982.91,58,28552.82,5,142764.1,4.9,14932,North,Hyderabad,Amazon Pay,Shipped,Same Day,New,Amazon.in,Mobile,Renewed,Amazon,Returned,Excellent,Monsoon,Lightning Deal,Prime,Female,2
10958,Electronics,Lenovo,87348.75,4,83854.8,10,838548.0,4.3,15749,North,Visakhapatnam,Debit Card,Delivered,Prime,Premium,Mobile Web,Desktop,New,Marketplace,Returned,Excellent,Winter,Festival Sale,Prime,Male,4
10959,Home & Kitchen,Sony,37411.46,35,24317.45,9,218857.05,4.6,8727,North,Visakhapatnam,Net Banking,Cancelled,Express,Regular,Desktop Web,Tablet,New,Marketplace,Returned,Excellent,Monsoon,Bank Offer,Non-Prime,Other,10
10960,Grocery,Lenovo,84184.54,30,58929.18,9,530362.62,2.6,17332,South,Mumbai,Cash on Delivery,Processing,Standard,Premium,Desktop Web,Tablet,Renewed,Marketplace,Not Returned,Good,Summer,Coupon,Non-Prime,Other,2
10961,Electronics,Sony,43220.99,44,24203.75,8,193630.0,3.1,29534,South,Mumbai,Net Banking,Shipped,Express,New,Amazon.in,Tablet,New,Amazon,Returned,Average,Monsoon,Festival Sale,Non-Prime,Male,10
10962,Electronics,Sony,40252.33,17,33409.43,6,200456.58,3.4,10834,North,Pune,UPI,Processing,Same Day,New,Mobile Web,Mobile,New,Marketplace,Returned,Poor,Monsoon,Lightning Deal,Prime,Other,3
10963,Sports,Puma,3025.77,43,1724.69,6,10348.14,3.0,20325,South,Visakhapatnam,Cash on Delivery,Cancelled,Same Day,Regular,Amazon.in,Desktop,Renewed,Amazon,Returned,Average,Winter,No Promotion,Non-Prime,Male,9
10964,Grocery,Puma,69587.83,30,48711.48,1,48711.48,2.7,9213,Central,Warangal,Amazon Pay,Processing,Same Day,New,Mobile Web,Mobile,Renewed,Amazon,Not Returned,Excellent,Winter,Coupon,Non-Prime,Male,9
10965,Grocery,boAt,80787.75,54,37162.36,6,222974.16,3.1,48205,Central,Warangal,Credit Card,Shipped,Same Day,VIP,Mobile Web,Tablet,New,Marketplace,Returned,Excellent,Monsoon,Festival Sale,Non-Prime,Other,9
10966,Electronics,HP,66421.98,29,47159.61,4,188638.44,3.8,1403,South,Delhi,Net Banking,Cancelled,Standard,VIP,Desktop Web,Desktop,Renewed,Amazon,Returned,Average,Winter,Lightning Deal,Prime,Other,7
10967,Books,HP,15304.82,20,12243.86,4,48975.44,4.2,7506,North,Visakhapatnam,UPI,Delivered,Express,Regular,Desktop Web,Tablet,Renewed,Marketplace,Not Returned,Poor,Winter,Festival Sale,Non-Prime,Other,4
10968,Sports,Amazon Basics,10507.69,46,5674.15,2,11348.3,4.4,29659,South,Hyderabad,Amazon Pay,Shipped,Standard,VIP,Mobile Web,Tablet,New,Amazon,Not Returned,Good,Winter,Bank Offer,Non-Prime,Other,1
10969,Sports,HP,57370.3,29,40732.91,4,162931.64,2.6,7591,South,Hyderabad,Cash on Delivery,Returned,Standard,Premium,Mobile Web,Mobile,Renewed,Marketplace,Returned,Average,Spring,Coupon,Prime,Male,3
10970,Fashion,Puma,40270.32,54,18524.35,5,92621.75,3.6,12996,South,Kolkata,Amazon Pay,Shipped,Standard,Regular,Mobile Web,Tablet,New,Amazon,Returned,Excellent,Winter,No Promotion,Non-Prime,Other,8
10971,Toys,boAt,43022.96,40,25813.78,5,129068.9,2.8,37828,East,Chennai,Net Banking,Cancelled,Same Day,Regular,Desktop Web,Desktop,New,Marketplace,Returned,Excellent,Spring,Lightning Deal,Prime,Other,4
10972,Grocery,boAt,96785.46,3,93881.9,5,469409.5,3.6,47830,Central,Vijayawada,Debit Card,Shipped,Same Day,Premium,Desktop Web,Tablet,New,Marketplace,Not Returned,Good,Spring,Festival Sale,Prime,Female,10
10973,Electronics,Sony,72446.48,4,69548.62,4,278194.48,3.6,34370,West,Warangal,Net Banking,Delivered,Same Day,VIP,Amazon App,Tablet,New,Marketplace,Not Returned,Average,Winter,Coupon,Non-Prime,Other,10
10974,Fashion,Lenovo,41295.42,40,24777.25,1,24777.25,3.7,13472,West,Mumbai,Credit Card,Delivered,Express,VIP,Mobile Web,Mobile,Renewed,Marketplace,Returned,Good,Monsoon,Festival Sale,Prime,Other,2
10975,Beauty,Amazon Basics,2105.11,44,1178.86,10,11788.6,4.7,29098,East,Delhi,Net Banking,Returned,Prime,VIP,Amazon App,Desktop,New,Amazon,Not Returned,Good,Winter,Coupon,Non-Prime,Male,8
10976,Home & Kitchen,Sony,3601.75,9,3277.59,8,26220.72,4.5,2196,South,Vijayawada,Cash on Delivery,Processing,Same Day,Regular,Mobile Web,Mobile,New,Amazon,Returned,Poor,Summer,Bank Offer,Non-Prime,Male,7
10977,Toys,Lenovo,68542.41,26,50721.38,3,152164.14,4.1,11091,East,Bengaluru,Cash on Delivery,Cancelled,Express,Regular,Desktop Web,Tablet,New,Marketplace,Returned,Poor,Monsoon,Festival Sale,Non-Prime,Female,10
10978,Toys,HP,83805.33,15,71234.53,2,142469.06,4.7,15040,East,Delhi,Net Banking,Cancelled,Same Day,VIP,Amazon App,Mobile,New,Amazon,Not Returned,Excellent,Spring,Bank Offer,Non-Prime,Other,9
10979,Toys,Sony,70827.72,29,50287.68,9,452589.12,4.2,49262,North,Bengaluru,Cash on Delivery,Processing,Same Day,New,Amazon App,Mobile,Renewed,Marketplace,Returned,Average,Spring,Lightning Deal,Prime,Other,2
10980,Sports,Samsung,40706.6,12,35821.81,7,250752.67,4.5,48784,Central,Visakhapatnam,Debit Card,Delivered,Standard,VIP,Amazon.in,Mobile,Renewed,Marketplace,Not Returned,Poor,Monsoon,Bank Offer,Non-Prime,Other,5
10981,Beauty,HP,3306.35,35,2149.13,9,19342.17,3.9,6023,West,Bengaluru,Amazon Pay,Delivered,Standard,Premium,Mobile Web,Mobile,Renewed,Amazon,Not Returned,Excellent,Monsoon,Coupon,Non-Prime,Other,6
10982,Toys,Lenovo,96745.68,20,77396.54,2,154793.08,3.8,20543,South,Bengaluru,Net Banking,Shipped,Standard,Regular,Desktop Web,Tablet,New,Amazon,Returned,Average,Winter,Lightning Deal,Non-Prime,Other,2
10983,Beauty,Amazon Basics,98635.34,44,55235.79,9,497122.11,4.3,28377,West,Pune,Debit Card,Returned,Express,Premium,Amazon.in,Tablet,Renewed,Marketplace,Not Returned,Excellent,Spring,Festival Sale,Prime,Other,2
10984,Books,Lenovo,55025.58,52,26412.28,10,264122.8,2.5,36635,West,Pune,Amazon Pay,Returned,Prime,Premium,Amazon.in,Desktop,Renewed,Amazon,Returned,Poor,Summer,Festival Sale,Prime,Female,10
10985,Toys,Sony,7251.96,39,4423.7,9,39813.3,4.2,42337,Central,Pune,Amazon Pay,Returned,Prime,Regular,Mobile Web,Mobile,New,Marketplace,Not Returned,Excellent,Winter,Coupon,Non-Prime,Other,4
10986,Home & Kitchen,Sony,54188.06,44,30345.31,9,273107.79,4.8,40409,West,Visakhapatnam,Debit Card,Shipped,Express,New,Amazon.in,Mobile,Renewed,Amazon,Returned,Average,Monsoon,No Promotion,Prime,Other,8
10987,Beauty,Nike,89254.38,14,76758.77,10,767587.7,4.3,5004,West,Vijayawada,UPI,Returned,Same Day,VIP,Mobile Web,Desktop,New,Amazon,Returned,Average,Spring,No Promotion,Prime,Other,5
10988,Beauty,Amazon Basics,68061.55,19,55129.86,10,551298.6,2.6,9963,East,Delhi,Net Banking,Processing,Express,Premium,Amazon.in,Mobile,Renewed,Amazon,Returned,Excellent,Monsoon,Festival Sale,Non-Prime,Female,9
10989,Home & Kitchen,Apple,72053.93,19,58363.68,4,233454.72,3.4,13796,Central,Delhi,Amazon Pay,Shipped,Same Day,Regular,Mobile Web,Desktop,Renewed,Amazon,Not Returned,Average,Monsoon,Coupon,Non-Prime,Other,4
10990,Toys,HP,8678.99,44,4860.23,10,48602.3,4.5,40972,North,Mumbai,Amazon Pay,Processing,Express,Premium,Desktop Web,Tablet,Renewed,Amazon,Returned,Excellent,Monsoon,No Promotion,Non-Prime,Female,3
10991,Home & Kitchen,boAt,10828.86,54,4981.28,3,14943.84,4.9,7077,South,Pune,Cash on Delivery,Shipped,Express,VIP,Mobile Web,Desktop,Renewed,Marketplace,Not Returned,Average,Winter,Bank Offer,Non-Prime,Male,10
10992,Beauty,Amazon Basics,12908.41,58,5421.53,6,32529.18,3.4,29848,West,Visakhapatnam,Amazon Pay,Returned,Express,New,Mobile Web,Mobile,New,Amazon,Not Returned,Excellent,Summer,Festival Sale,Non-Prime,Other,8
10993,Home & Kitchen,boAt,90455.81,4,86837.58,3,260512.74,4.6,12526,South,Mumbai,Debit Card,Processing,Prime,New,Amazon App,Desktop,New,Amazon,Not Returned,Excellent,Summer,Bank Offer,Prime,Female,1
10994,Beauty,Amazon Basics,52678.79,53,24759.03,9,222831.27,4.7,3261,North,Chennai,Amazon Pay,Processing,Standard,New,Desktop Web,Tablet,Renewed,Marketplace,Not Returned,Excellent,Spring,Coupon,Non-Prime,Male,9
10995,Beauty,Amazon Basics,79198.19,53,37223.15,3,111669.45,2.8,17046,South,Mumbai,UPI,Processing,Express,Regular,Desktop Web,Mobile,New,Marketplace,Not Returned,Good,Monsoon,Bank Offer,Non-Prime,Female,4
10996,Books,Lenovo,11705.07,59,4799.08,2,9598.16,4.6,13397,North,Vijayawada,Net Banking,Shipped,Prime,Regular,Desktop Web,Tablet,Renewed,Marketplace,Returned,Average,Summer,No Promotion,Non-Prime,Female,9
10997,Electronics,Amazon Basics,92777.74,31,64016.64,8,512133.12,3.3,25269,East,Warangal,Net Banking,Cancelled,Standard,New,Amazon.in,Tablet,Renewed,Amazon,Not Returned,Poor,Monsoon,No Promotion,Non-Prime,Male,8
10998,Beauty,Nike,82148.98,5,78041.53,6,468249.18,4.0,36158,West,Bengaluru,Amazon Pay,Returned,Standard,VIP,Amazon App,Desktop,Renewed,Amazon,Returned,Excellent,Spring,Lightning Deal,Non-Prime,Other,3
10999,Toys,Apple,22630.46,29,16067.63,8,128541.04,3.8,25757,North,Pune,Credit Card,Processing,Express,VIP,Desktop Web,Tablet,Renewed,Marketplace,Returned,Good,Monsoon,Festival Sale,Prime,Other,3
11000,Fashion,Sony,87442.39,25,65581.79,7,459072.53,4.2,15299,South,Warangal,Credit Card,Cancelled,Same Day,Regular,Amazon.in,Mobile,Renewed,Marketplace,Not Returned,Poor,Summer,Coupon,Non-Prime,Female,9
